<?xml version="1.0" encoding="UTF-8" standalone="yes"?>
<addon id="repository.fontsvr" name="[B]Repo[/B] [COLOR azure][B]FONTSVR[/B] [COLOR limegreen][B]MATRIX[/B][/COLOR]|[COLOR violet][B]NEXUS[/B][/COLOR]" version="1.0" provider-name="Rik Team">
    <extension point="xbmc.addon.repository" name="fontsvr repository">
        <dir>
			<info compressed="false">https://raw.githubusercontent.com/fontsvr/repo-fontsVR/main/addons/zips/addons.xml</info>
            <checksum>https://raw.githubusercontent.com/fontsvr/repo-fontsVR/main/addons/zips/addons.xml.md5</checksum>
            <datadir zip="true">https://raw.githubusercontent.com/fontsvr/repo-fontsVR/main/addons/zips/</datadir>
		</dir>
    </extension>
    <extension point="xbmc.addon.metadata">
        <summary>Repo [COLOR azure]FONTSVR[/COLOR] [COLOR limegreen]MATRIX[/COLOR][COLOR azure]|[/COLOR][COLOR violet]NEXUS[/COLOR]</summary>
        <description>Repositorio de addons [COLOR azure]FONTSVR[/COLOR]
[COLOR gold]Developers:[/COLOR] Rik Team</description>
        <disclaimer>Éste repositorio contiene addons válidos para Kodi 19.x MATRIX y 20.x NEXUS.</disclaimer>
        <platform>all</platform>
        <assets>
            <icon>icon.png</icon>
			<fanart>fanart.jpg</fanart>
        </assets>
		<source>https://github.com/fontsvr/repo-fontsVR/</source>
    </extension>
</addon>