<?xml version="1.0" encoding="UTF-8" standalone="yes"?>
<addon id="repository.fonts" name="[B]Repo[/B] [COLOR azure][B]FONTS[/B][/COLOR]" version="1.0" provider-name="Rik Team">
    
	<extension point="xbmc.addon.repository" name="[B[COLOR white]Repo FONTS[/B][/COLOR]">
        <dir>
		<info compressed="false">https://github.com/fontsvr/fontsvr.github.io/raw/main/repo/zips/addons.xml</info>
        <checksum>https://github.com/fontsvr/fontsvr.github.io/raw/main/repo/zips/addons.xml.md5</checksum>
        <datadir zip="true">https://github.com/fontsvr/fontsvr.github.io/raw/main/repo/zips/</datadir>
		</dir>
    </extension>
	
    <extension point="xbmc.addon.metadata">
        <summary>Repo [COLOR azure]FONTS[/COLOR]</summary>
        <description>Repositorio de addons</description>
        <disclaimer>Repositorio de addons para Kodi 19.x MATRIX y 20.x NEXUS.</disclaimer>
        <platform>all</platform>
        <assets>
            <icon>icon.png</icon>
			<fanart>fanart.jpg</fanart>
        </assets>
    </extension>
</addon>