<?xml version="1.0" encoding="UTF-8"?>
<window type="dialog" id="1151">
	
	<onload condition="String.IsEmpty(Window(Home).Property(Notify))">SetFocus(901001)</onload>
	<onload condition="!String.IsEmpty(Window(Home).Property(Notify))">SetFocus(901002)</onload>
	
	<!--<onload condition="Skin.HasSetting(preguntado_ajustes) + !System.HasAddon(script.rikteam)">InstallAddon(script.rikteam)</onload>-->
	<!--<onunload>Skin.SetBool(preguntado_ajustes,false)</onunload>-->
	<include>DialogOpenCloseAnimation</include>
	<controls>
		<control type="image">
			<include>FullscreenDimensions</include>
			<texture border="1" colordiffuse="AAFFFFFF">black.png</texture>
			<animation effect="fade" time="300">WindowOpen</animation>
			<animation effect="fade" time="300">WindowClose</animation>
		</control>
		<control type="group">
			<left>502</left>
			<top>293</top>
			<control type="image">
				<width>916</width>
				<height>494</height>
				<texture border="40">dialogs/default/bg.png</texture>
			</control>
			<control type="image">
				<left>17</left>
				<top>70</top>
				<width>882</width>
				<height>1</height>
				<texture colordiffuse="$VAR[ThemeLabelColor]">separator_horizontal.png</texture>
			</control>
			<control type="label" id="1">
				<left>30</left>
				<top>22</top>
				<width>856</width>
				<height>40</height>
				<textoffsetx>15</textoffsetx>
				<font>font15_title</font>
				<align>center</align>
				<textcolor>grey2</textcolor>
				<label>$LOCALIZE[14117]</label>
			</control>
			<control type="textbox" id="400">
				<left>45</left>
				<top>98</top>
				<width>825</width>
				<height>282</height>
				<align>center</align>
				<textcolor>$VAR[ThemeHomeLabelColor]</textcolor>
				<label>[CR]Debes aceptar ok en este y en el próximo mensaje cuando pida si quieres descargar un ajuste para el skin.[CR][CR][COLOR grey2]* Necesario para terminar de cargar todo en el Skin.[/COLOR]</label>
				<!--<textcolor>grey2</textcolor>-->
				<autoscroll time="3000" delay="4000" repeat="5000">true</autoscroll>
			</control>
			<control type="grouplist" id="90100">
				<left>30</left>
				<top>402</top>
				<width>856</width>
				<align>center</align>
				<orientation>horizontal</orientation><!--horizontal-->
				<!--<control type="button" id="3">
					<label>Si. Ajustes Basic</label>
					<font>font15_title</font>
					<textcolor>grey2</textcolor>
					<focusedcolor>white</focusedcolor>
					<align>center</align>
					<onleft>noop</onleft>
					<onright>noop</onright>
					<onup>noop</onup>
					<ondown>noop</ondown>
					<onclick>Dialog.Close(1151)</onclick>
					<onclick>Dialog.Close(1152)</onclick>
					<onclick>Skin.SetBool(preguntado_ajustes)</onclick>
					<onclick condition="System.HasAddon(script.rikteam)">ReplaceWindow(Programs,"plugin://script.rikteam/?mode=install&amp;action=build&amp;name=ajustesbasic",return)</onclick>
					<texturefocus colordiffuse="$VAR[HighlightBarColor]" border="5">listselect_fo.png</texturefocus>
					<visible>String.IsEmpty(Window(Home).Property(Notify))</visible>
				</control>-->
				<control type="button" id="901001">
					<description>Yes button</description>
					<width>276</width><!--257-421-->
					<label>OK Media(v21)</label><!--<label>$VAR[CustomConfirmYesLabelVar]</label>-->
					<font>font15_title</font>
					<textcolor>snow</textcolor>
					<focusedcolor>cd00e600</focusedcolor>
					<align>center</align>
					<onleft>noop</onleft>
					<onright>noop</onright>
					<onup>noop</onup>
					<ondown>noop</ondown>
					<onclick>Dialog.Close(1151)</onclick>
					<onclick>Dialog.Close(1152)</onclick>
					<!--<onclick>Skin.SetBool(preguntado_ajustes)</onclick>-->
					<onclick condition="System.HasAddon(script.rikteam)">ReplaceWindow(Programs,"plugin://script.rikteam/?mode=install&amp;action=build&amp;name=ajustes+basic+v21",return)</onclick>
					<texturefocus colordiffuse="$VAR[HighlightBarColor]" border="5">listselect_fo.png</texturefocus>
					<visible>String.IsEmpty(Window(Home).Property(Notify))</visible>
				</control>
				     <!--421--><!--<label>$VAR[CustomConfirmYesLabelVar]</label>-->
				<!--<control type="button" id="901002">
					<description>Yes2 button</description>
					<width>257</width>
					<label>OK +Pvr(v20)</label>
					<font>font15_title</font>
					<textcolor>grey2</textcolor>
					<focusedcolor>white</focusedcolor>
					<align>center</align>
					<onleft>noop</onleft>
					<onright>noop</onright>
					<onup>noop</onup>
					<ondown>noop</ondown>
					<onclick>Dialog.Close(1151)</onclick>
					<onclick>Dialog.Close(1152)</onclick>
					<onclick>Skin.SetBool(preguntado_ajustes)</onclick>
					<onclick condition="System.HasAddon(script.rikteam)">ReplaceWindow(Programs,"plugin://script.rikteam/?mode=install&amp;action=build&amp;name=ajustes+basic",return)</onclick>
					<texturefocus colordiffuse="$VAR[HighlightBarColor]" border="5">listselect_fo.png</texturefocus>
					<visible>String.IsEmpty(Window(Home).Property(Notify))</visible>
				</control>-->
				<control type="button" id="901002">
					<description>No button</description>
					<left>465</left>
					<top>402</top>
					<width>276</width><!--257-->
					<label>Cancelar</label>
					<font>font15_title</font>
					<textcolor>snow</textcolor>
					<focusedcolor>red</focusedcolor>
					<align>center</align>
					<onleft>noop</onleft>
					<onright>noop</onright>
					<onup>noop</onup>
					<ondown>noop</ondown>
					<onclick>Dialog.Close(1151)</onclick>
					<!--<onclick>Dialog.Close(1152)</onclick>-->
					<!--<onclick>ReloadSkin()</onclick>-->
					<!--<onclick condition="">Skin.SetBool(preguntado_ajustes,false)</onclick>-->
					<texturefocus colordiffuse="$VAR[HighlightBarColor]" border="5">listselect_fo.png</texturefocus>
					<visible>String.IsEmpty(Window(Home).Property(Notify))</visible>
				</control>
				
			</control>
		</control>
	</controls>
</window>