<?xml version="1.0" encoding="UTF-8"?>
<window>
<onload condition="Window.IsActive(1154)">AlarmClock(Close1154,Dialog.Close(1154),00:03,silent)</onload>
<onload condition="Window.IsActive(1155)">AlarmClock(Close1155,Dialog.Close(1155),00:04,silent)</onload>
	<controls>
		<control type="group">
			<visible>!Window.IsVisible(startup) + String.IsEmpty(Window(Home).Property(script.preshowexperience.running))</visible>
			<control type="image">
				<include>FullscreenDimensions</include>
				<texture>colors/black75.png</texture>
				<animation effect="fade" time="300">WindowOpen</animation>
				<animation effect="fade" time="300">WindowClose</animation>
			</control>
			<control type="progress" id="10">
				<description>progress control</description>
				<width>1</width>
				<height>1</height>
				<texturebg />
				<lefttexture />
				<midtexture />
				<righttexture />
				<overlaytexture />
			</control>
			<control type="group">
				<include>DialogOpenCloseAnimation</include>
				<control type="group">
					<left>912</left>
					<top>492</top>
					<control type="image">
						<description>Busy animation</description>
						<width>96</width>
						<height>96</height>
						<texture colordiffuse="$VAR[ThemeLabelColor]">android/spinner_48_inner_holo.png</texture>
						<aspectratio>keep</aspectratio>
						<animation effect="rotate" start="0" end="360" center="auto" time="2000" loop="true" condition="true">Conditional</animation>
					</control>
					<control type="image">
						<description>Busy animation</description>
						<width>96</width>
						<height>96</height>
						<texture colordiffuse="$VAR[ThemeLabelColor]">android/spinner_48_outer_holo.png</texture>
						<aspectratio>keep</aspectratio>
						<animation effect="rotate" start="360" end="0" center="auto" time="2000" loop="true" condition="true">Conditional</animation>
					</control>
					<control type="label">
						<description>Busy label</description>
						<width>96</width>
						<height>96</height>
						<textcolor>grey</textcolor>
						<align>center</align>
						<label>$INFO[Control.GetLabel(10),,%]</label>
						<font>font12</font>
						<visible>!Integer.IsEqual(Control.GetLabel(10), 0)</visible>
					</control>
				</control>
			</control>
		</control>
	</controls>
</window>