<?xml version="1.0" encoding="UTF-8"?>
<window>
	<defaultcontrol always="true">9000</defaultcontrol>
	<onload condition="!Skin.HasSetting(pagina_permiso_run) + !Skin.HasSetting(preguntado_ajustes)">ReplaceWindow(1152)</onload>
	<!--<onload condition="!Skin.HasSetting(AskedDefaultBackground)">Skin.SetBool(askeddefaultbackground,true)</onload>-->
	<onload>Skin.SetBool(askeddefaultbackground,true)</onload>
	<onload condition="!Skin.HasSetting(systembarontop)">Skin.SetBool(systembarontop)</onload>
    <!--<onload>ActivateWindow(1126)</onload>-->
	<!--<onload>Skin.SetBool(systembarontop,true)</onload>
	<onload condition="!Skin.HasSetting(preguntado_ajustes)">Skin.SetBool(hidesystembars,true)</onload>-->
	<!--<onload>Skin.SetBool(enable.visiblesubmenu,true)</onload>-->
	<!--<onload condition="!Skin.HasSetting(AskedDefaultBackground)">SetProperty(AskDefaultBackground,True,Home)</onload>
	<onload condition="!Skin.HasSetting(AskedDefaultBackground) + !Control.IsVisible(9999)">Skin.TimerStart(askdefaultbackground)</onload>-->
	<!--<onload>Skin.SetBool(askeddefaultbackground,true)</onload>-->
	<!--<onload>ClearProperty(RunSkinShortcutsAfterInstall,Home)</onload>
	<onload condition="!System.HasAddon(script.skinshortcuts)">SetProperty(MissingDependency,True,Home)</onload>
	<onload condition="!System.HasAddon(script.skinshortcuts)">ActivateWindow(1126)</onload>
	<onload condition="System.AddonIsEnabled(script.skinshortcuts) + String.IsEmpty(Window(Home).Property(RunSkinShortcutsAfterInstall))">RunScript(script.skinshortcuts,type=buildxml&amp;mainmenuID=9000&amp;levels=2&amp;options=noGroups)</onload>
	<onload condition="System.AddonIsEnabled(script.skinshortcuts) + !Skin.HasSetting(AskedDefaultBackground)">SetProperty(AskDefaultBackground,True,Home)</onload>
	<onload condition="System.AddonIsEnabled(script.skinshortcuts) + !Skin.HasSetting(AskedDefaultBackground) + !Control.IsVisible(9999)">Skin.TimerStart(askdefaultbackground)</onload>
	<onload condition="System.AddonIsEnabled(script.skin.info.service) + String.IsEmpty(Window(home).Property(skininfos_daemon_running))">RunScript(script.skin.info.service)</onload>
	-->
	<!--<onload condition="!Skin.HasSetting(Disable.SearchButton)">Skin.SetBool(Disable.SearchButton,false)</onload>-->
	<!--per posar prox.<setting id="skinshortcuts-widget-Addon" type="bool">true</setting>
	<setting id="skinshortcuts-widget-1" type="string">Addon</setting>
	<setting id="enable.listwidgetautoscroll" type="bool">false</setting>
	-->
	
	<onload>ClearProperty(RunSkinShortcutsAfterInstall,Home)</onload>
	<!--<onload condition="!System.HasAddon(script.fontsvr)">InstallAddon(script.fontsvr)</onload>-->
	<onload condition="!System.HasAddon(script.skinshortcuts)">SetProperty(MissingDependency,True,Home)</onload>
	<!--<onload condition="!System.HasAddon(script.skinshortcuts)">ActivateWindow(1126)</onload>-->
	<onload condition="!System.HasAddon(script.skinshortcuts)">ActivateWindow(1152)</onload>
	<onload condition="!System.HasAddon(script.fontsvr) + !Skin.HasSetting(pagina_permiso_run)">ActivateWindow(1152)</onload>
	<!--<onload condition="!System.HasAddon(plugin.program.iptv.merge)+!Skin.HasSetting(preguntado_ajustes)">ActivateWindow(1152)</onload>
	<onload condition="!System.HasAddon(pvr.iptvsimple)+!Skin.HasSetting(preguntado_ajustes)">ActivateWindow(1152)</onload>
	<onload condition="!Skin.HasSetting(preguntado_ajustes)">ActivateWindow(1152)</onload>--->
	
	<!--<onload condition="!System.HasAddon(slyguy.pluto.tv.provider)">ActivateWindow(1152)</onload>-->
	<!--solo RunScript scripshorcuts si pagina_permiso_run es true-->
    <onload condition="System.AddonIsEnabled(script.skinshortcuts) + Skin.HasSetting(preguntado_ajustes) + String.IsEmpty(Window(Home).Property(RunSkinShortcutsAfterInstall))">RunScript(script.skinshortcuts,type=buildxml&amp;mainmenuID=9000&amp;levels=2&amp;group=mainmenu|buttonmenu)</onload>
    <onload condition="Skin.HasSetting(pagina_permiso_run) + System.AddonIsEnabled(script.skinshortcuts) + String.IsEmpty(Window(Home).Property(RunSkinShortcutsAfterInstall))">RunScript(script.skinshortcuts,type=buildxml&amp;mainmenuID=9000&amp;levels=2&amp;group=mainmenu|buttonmenu)</onload>

	<onload condition="Skin.HasSetting(preguntado_ajustes) + String.IsEqual(Skin.String(MainMenu.Layout),vertical)">Control.SetHidden(9010)</onload>
	<onload condition="Skin.HasSetting(preguntado_ajustes) + System.AddonIsEnabled(script.skinvariables)">RunScript(script.skinvariables,action=buildviews)</onload>
	<!--Skin.HasSetting(pagina_permiso_run)-->
	<!--desconectar solicitud background-->
	<!--<onload condition="System.AddonIsEnabled(script.skinshortcuts) + !Skin.HasSetting(AskedDefaultBackground)">SetProperty(AskDefaultBackground,True,Home)</onload>
	<onload condition="System.AddonIsEnabled(script.skinshortcuts) + !Skin.HasSetting(AskedDefaultBackground) + !Control.IsVisible(9999)">Skin.TimerStart(askdefaultbackground)</onload>-->
	<onload condition="System.AddonIsEnabled(script.skin.info.service) + Skin.HasSetting(preguntado_ajustes) + String.IsEmpty(Window(home).Property(skininfos_daemon_running))">RunScript(script.skin.info.service)</onload>
    <onload condition="Skin.HasSetting(pagina_permiso_run) + System.AddonIsEnabled(script.skin.info.service) + String.IsEmpty(Window(home).Property(skininfos_daemon_running))">RunScript(script.skin.info.service)</onload>

	<!--<onload condition="!Skin.HasSetting(preguntado_ajustes) + System.HasAddon(script.fontsvr)">ActivateWindow(1151)</onload>-->
	
	<!--<onload condition="Skin.HasSetting(preguntado_ajustes) + System.HasAddon(script.fontsvr)">ReplaceWindow(Programs,"plugin://script.fontsvr/?mode=install&amp;action=build&amp;name=ajustes",return)</onload>-->
    <!--<onload condition="System.HasAddon(script.fontsvr) + !System.AddonIsEnabled(script.fontsvr)">EnableAddon(script.fontsvr)</onload>
	<onload condition="!System.HasAddon(script.fontsvr)">InstallAddon(script.fontsvr)</onload>-->
	
	<onload condition="!Skin.HasSetting(FirstPagina) + Skin.HasSetting(preguntado_ajustes) + System.HasAddon(script.skinshortcuts) + System.HasAddon(script.fontsvr) + System.HasAddon(repository.slyguy) + System.HasAddon(plugin.program.iptv.merge) + System.HasAddon(pvr.iptvsimple) + String.IsEmpty(Skin.String(StartupIntro)) + String.IsEmpty(Window(Home).Property(Playing.StartupIntro)) + !String.IsEmpty(Skin.String(StartupIntroTrue))">AlarmClock(FirstPagina,ReplaceWindow(5200),00:10,silent)</onload>
	<onload condition="!Skin.HasSetting(FirstRunSetup) + Skin.HasSetting(FirstPagina)">AlarmClock(FirstRunSetup,ReplaceWindow(5202),00:01,silent)</onload>
	<onload condition="!Skin.HasSetting(3RunSetup) + Skin.HasSetting(FirstRunSetup) + Skin.HasSetting(FirstPagina)">AlarmClock(3RunSetup,ReplaceWindow(5203),00:01,silent)</onload>

	<!--<onload condition="String.IsEqual(Skin.String(MainMenu.Layout),vertical)">Control.SetHidden(9010)</onload>
	<onload>RunScript(script.skinshortcuts,type=buildxml&amp;mainmenuID=9000&amp;levels=2&amp;group=mainmenu|buttonmenu)</onload>
	<onload condition="System.AddonIsEnabled(script.skinvariables)">RunScript(script.skinvariables,action=buildviews)</onload>
	<onload condition="!Skin.HasSetting(AskedDefaultBackground)">SetProperty(AskDefaultBackground,True,Home)</onload>
	<onload condition="!Skin.HasSetting(AskedDefaultBackground) + !Control.IsVisible(9999)">Skin.TimerStart(askdefaultbackground)</onload>
	<onload condition="System.AddonIsEnabled(script.skin.info.service) + String.IsEmpty(Window(Home).Property(skininfos_daemon_running))">RunScript(script.skin.info.service)</onload>
	<onunload condition="String.IsEqual(Skin.String(MainMenu.Layout),vertical)">Control.SetHidden(9010)</onunload>-->
   <onload condition="!String.IsEmpty(Skin.String(StartupIntro)) + !String.IsEmpty(Window(Home).Property(Playing.StartupIntro))+String.IsEmpty(Skin.String(StartupIntroTrue))">AlarmClock(Clear_PlayingIntroProp,ClearProperty(Playing.StartupIntro,Home),00:04,silent)</onload>
   
   <onunload condition="!String.IsEmpty(Skin.String(StartupIntro)) + !String.IsEmpty(Skin.String(StartupIntroTrue))">Skin.SetString(StartupIntro,)</onunload>
   <onunload condition="!String.IsEmpty(Skin.String(StartupIntro)) + !String.IsEmpty(Skin.String(StartupIntroTrue))">Skin.SetBool(StartupIntroTrue,)</onunload>
	<menucontrol>9051</menucontrol>
	<controls>
		<control type="button" id="64">
			<include>HiddenObject</include>
			<onback>SetFocus(9000)</onback>
			<onleft>SetFocus(9000)</onleft>
			<onright>SetFocus(9000)</onright>
			<onup>SetFocus(9000)</onup>
			<ondown>SetFocus(9000)</ondown>
			<onclick>SetFocus(9000)</onclick>
		</control>
		<control type="fadelabel" id="4410">
			<top>-100</top>
			<width>2560</width>
			<height>0</height>
			<scroll>false</scroll>
			<scrollout>false</scrollout>
			<randomize>true</randomize>
			<resetonlabelchange>true</resetonlabelchange>
			<visible>!Skin.HasSetting(Disable.ExtraFanart)</visible>
			<include>FadeLabelTime</include>
			<label>$INFO[Container.ListItem.Art(fanart)]</label>
			<label>$INFO[Container.ListItem.Art(fanart1)]</label>
			<label>$INFO[Container.ListItem.Art(fanart2)]</label>
			<label>$INFO[Container.ListItem.Art(fanart3)]</label>
			<label>$INFO[Container.ListItem.Art(fanart4)]</label>
			<label>$INFO[Container.ListItem.Art(fanart5)]</label>
			<label>$INFO[Container.ListItem.Art(fanart6)]</label>
			<label>$INFO[Container.ListItem.Art(fanart7)]</label>
			<label>$INFO[Container.ListItem.Art(fanart8)]</label>
			<label>$INFO[Container.ListItem.Art(fanart9)]</label>
			<label>$INFO[Container.ListItem.Art(fanart10)]</label>
			<label>$INFO[Container.ListItem.Art(fanart11)]</label>
			<label>$INFO[Container.ListItem.Art(fanart12)]</label>
			<label>$INFO[Container.ListItem.Art(fanart13)]</label>
			<label>$INFO[Container.ListItem.Art(fanart14)]</label>
			<label>$INFO[Container.ListItem.Art(fanart15)]</label>
			<label>$INFO[Container.ListItem.Art(fanart16)]</label>
			<label>$INFO[Container.ListItem.Art(fanart17)]</label>
			<label>$INFO[Container.ListItem.Art(fanart18)]</label>
			<label>$INFO[Container.ListItem.Art(fanart19)]</label>
			<label>$INFO[Container.ListItem.Art(fanart20)]</label>
			<label>$INFO[Container.ListItem.Art(tvshow.fanart1)]</label>
			<label>$INFO[Container.ListItem.Art(tvshow.fanart2)]</label>
			<label>$INFO[Container.ListItem.Art(tvshow.fanart3)]</label>
			<label>$INFO[Container.ListItem.Art(tvshow.fanart4)]</label>
			<label>$INFO[Container.ListItem.Art(tvshow.fanart5)]</label>
			<label>$INFO[Container.ListItem.Art(tvshow.fanart6)]</label>
			<label>$INFO[Container.ListItem.Art(tvshow.fanart7)]</label>
			<label>$INFO[Container.ListItem.Art(tvshow.fanart8)]</label>
			<label>$INFO[Container.ListItem.Art(tvshow.fanart9)]</label>
			<label>$INFO[Container.ListItem.Art(tvshow.fanart10)]</label>
			<label>$INFO[Container.ListItem.Art(tvshow.fanart11)]</label>
			<label>$INFO[Container.ListItem.Art(tvshow.fanart12)]</label>
			<label>$INFO[Container.ListItem.Art(tvshow.fanart13)]</label>
			<label>$INFO[Container.ListItem.Art(tvshow.fanart14)]</label>
			<label>$INFO[Container.ListItem.Art(tvshow.fanart15)]</label>
			<label>$INFO[Container.ListItem.Art(tvshow.fanart16)]</label>
			<label>$INFO[Container.ListItem.Art(tvshow.fanart17)]</label>
			<label>$INFO[Container.ListItem.Art(tvshow.fanart18)]</label>
			<label>$INFO[Container.ListItem.Art(tvshow.fanart19)]</label>
			<label>$INFO[Container.ListItem.Art(tvshow.fanart20)]</label>
			<label>$INFO[Container.ListItem.Art(artist.fanart1)]</label>
			<label>$INFO[Container.ListItem.Art(artist.fanart2)]</label>
			<label>$INFO[Container.ListItem.Art(artist.fanart3)]</label>
			<label>$INFO[Container.ListItem.Art(artist.fanart4)]</label>
			<label>$INFO[Container.ListItem.Art(artist.fanart5)]</label>
			<label>$INFO[Container.ListItem.Art(artist.fanart6)]</label>
			<label>$INFO[Container.ListItem.Art(artist.fanart7)]</label>
			<label>$INFO[Container.ListItem.Art(artist.fanart8)]</label>
			<label>$INFO[Container.ListItem.Art(artist.fanart9)]</label>
			<label>$INFO[Container.ListItem.Art(artist.fanart10)]</label>
			<label>$INFO[Container.ListItem.Art(artist.fanart11)]</label>
			<label>$INFO[Container.ListItem.Art(artist.fanart12)]</label>
			<label>$INFO[Container.ListItem.Art(artist.fanart13)]</label>
			<label>$INFO[Container.ListItem.Art(artist.fanart14)]</label>
			<label>$INFO[Container.ListItem.Art(artist.fanart15)]</label>
			<label>$INFO[Container.ListItem.Art(artist.fanart16)]</label>
			<label>$INFO[Container.ListItem.Art(artist.fanart17)]</label>
			<label>$INFO[Container.ListItem.Art(artist.fanart18)]</label>
			<label>$INFO[Container.ListItem.Art(artist.fanart19)]</label>
			<label>$INFO[Container.ListItem.Art(artist.fanart20)]</label>
			<label>$INFO[Container.ListItem.Art(albumartist.fanart1)]</label>
			<label>$INFO[Container.ListItem.Art(albumartist.fanart2)]</label>
			<label>$INFO[Container.ListItem.Art(albumartist.fanart3)]</label>
			<label>$INFO[Container.ListItem.Art(albumartist.fanart4)]</label>
			<label>$INFO[Container.ListItem.Art(albumartist.fanart5)]</label>
			<label>$INFO[Container.ListItem.Art(albumartist.fanart6)]</label>
			<label>$INFO[Container.ListItem.Art(albumartist.fanart7)]</label>
			<label>$INFO[Container.ListItem.Art(albumartist.fanart8)]</label>
			<label>$INFO[Container.ListItem.Art(albumartist.fanart9)]</label>
			<label>$INFO[Container.ListItem.Art(albumartist.fanart10)]</label>
			<label>$INFO[Container.ListItem.Art(albumartist.fanart11)]</label>
			<label>$INFO[Container.ListItem.Art(albumartist.fanart12)]</label>
			<label>$INFO[Container.ListItem.Art(albumartist.fanart13)]</label>
			<label>$INFO[Container.ListItem.Art(albumartist.fanart14)]</label>
			<label>$INFO[Container.ListItem.Art(albumartist.fanart15)]</label>
			<label>$INFO[Container.ListItem.Art(albumartist.fanart16)]</label>
			<label>$INFO[Container.ListItem.Art(albumartist.fanart17)]</label>
			<label>$INFO[Container.ListItem.Art(albumartist.fanart18)]</label>
			<label>$INFO[Container.ListItem.Art(albumartist.fanart19)]</label>
			<label>$INFO[Container.ListItem.Art(albumartist.fanart20)]</label>
		</control>
		<control type="fadelabel" id="4411">
			<top>-100</top>
			<width>2560</width>
			<height>0</height>
			<scroll>false</scroll>
			<scrollout>false</scrollout>
			<randomize>true</randomize>
			<resetonlabelchange>true</resetonlabelchange>
			<include>FadeLabelTime</include>
			<!-- All Movies -->
			<label>$INFO[Container(9035).ListItem.Art(fanart)]</label>
			<!-- All TV Shows -->
			<label>$INFO[Container(9036).ListItem.Art(fanart)]</label>
			<!-- All Album Artists -->
			<label>$INFO[Container(9037).ListItem.Art(fanart)]</label>
			<!-- All Music Videos -->
			<label>$INFO[Container(9038).ListItem.Art(fanart)]</label>
		</control>
		<include condition="System.AddonIsEnabled(plugin.video.themoviedb.helper)">TMDbHelperContentList</include>
		<include>HomeFanartLists</include>
		<control type="button" id="9051">
			<include>HiddenObject</include>
			<onfocus condition="Player.HasMedia">ActivateWindow(playercontrols)</onfocus>
			<onfocus condition="!Player.HasMedia">SetFocus(9000)</onfocus>
		</control>
		<control type="group">
			<visible allowhiddenfocus="true">[!String.IsEmpty(Skin.String(StartupIntro)) + String.IsEmpty(Window(Home).Property(Playing.StartupIntro))] | String.IsEmpty(Skin.String(StartupIntro))</visible>
			<include>CommonBackground</include>
			<control type="group">
				<visible>!Integer.IsEqual(Container(9000).NumItems,0) + !Control.HasFocus(64)</visible>
				<include>VisibleFadeAnimation</include>
				<include condition="!Skin.HasSetting(Disable.Videoinfo)">NowPlayingVideoWidget</include>
				<include condition="!Skin.HasSetting(Disable.Musicinfo)">NowPlayingMusicWidget</include>
				<include>Widget1</include>
				<include>Widget2</include>
				<include>LiveTVWidget</include>
				<!-- Horizontal Menu -->
				<!-- RSS Feeds -->
				<include condition="!String.IsEqual(Skin.String(MainMenu.Layout),vertical) + !Skin.HasSetting(HideSystemBars)">HorizontalMenuSystemBars</include>
				<include condition="!String.IsEqual(Skin.String(MainMenu.Layout),vertical)">HorizontalMenu</include>
				<!-- Vertical Menu -->
				<include condition="!String.IsEqual(Skin.String(HorizontalRSSPosition),high) + system.getbool(lookandfeel.enablerssfeeds) + !String.IsEqual(Skin.String(MainMenu.Layout),vertical) + !Skin.HasSetting(HideSystemBars)">RSSFeed</include>
				<include condition="String.IsEqual(Skin.String(HorizontalRSSPosition),high) + system.getbool(lookandfeel.enablerssfeeds) + !String.IsEqual(Skin.String(MainMenu.Layout),vertical) + !Skin.HasSetting(HideSystemBars)">RSSFeed2</include>
				<include condition="String.IsEqual(Skin.String(MainMenu.Layout),vertical)">VerticalMenu</include>
				<!-- RSS Feed -->
				<include condition="String.IsEqual(Skin.String(MainMenu.Layout),vertical) + !Skin.HasSetting(HideSystemBars)">RSSFeedVerticalMenu</include>
				<!-- Fanart Title Widget -->
				<include condition="!Skin.HasSetting(Disable.FanartTitle)">FanartTitle</include>
				<!-- Vertical SubMenu + System Bars -->
				<include condition="String.IsEqual(Skin.String(MainMenu.Layout),vertical)">VerticalSubMenu</include>
				<include condition="String.IsEqual(Skin.String(MainMenu.Layout),vertical) + !Skin.HasSetting(HideSystemBars)">VerticalMenuSystemBars</include>
			</control>
			<control type="group" id="9999">
				<visible>System.AddonIsEnabled(script.skinshortcuts) + [Integer.IsEqual(Container(9000).NumItems,0) | Container(9000).IsUpdating]</visible>
				<control type="image">
					<include>FullscreenDimensions</include>
					<texture>colors/black.png</texture>
				</control>
				<control type="group">
					<top>440</top>
					<control type="label">
						<width>100%</width>
						<height>100</height>
						<align>center</align>
						<font>font_version</font>
						<label>$LOCALIZE[31526]</label>
					</control>
					<control type="fadelabel">
						<top>100</top>
						<width>100%</width>
						<height>100</height>
						<align>center</align>
						<font>font_version</font>
						<label>$LOCALIZE[31527]</label>
						<label>$LOCALIZE[31527].</label>
						<label>$LOCALIZE[31527]..</label>
						<label>$LOCALIZE[31527]...</label>
						<label>$LOCALIZE[31527]....</label>
						<scrollout>false</scrollout>
						<pauseatend>1000</pauseatend>
					</control>
				</control>
				<control type="group">
					<left>80</left>
					<top>900</top>
					<control type="image">
						<width>400</width>
						<height>130</height>
						<aspectratio align="left">keep</aspectratio>
						<texture>xbmc-logo.png</texture>
					</control>
					<control type="image">
						<left>1375</left>
						<width>400</width>
						<height>130</height>
						<aspectratio>keep</aspectratio>
						<texture>aeon-nox-logo.png</texture>
					</control>
				</control>
			</control>
		</control>
	</controls>
</window>