<?xml version="1.0" encoding="UTF-8"?>
<colors>
	<color name="usaf air force blue">ff00338f</color>
	<color name="aero">ff6db9e5</color>
	<color name="sonic silver">ff777777</color>
	<color name="granite gray">ff606060</color>
	<color name="rackley">ff5d8aa8</color>
	<color name="alice blue">fff0f8ff</color>
	<color name="alizarin crimson">ffe32636</color>
	<color name="almond">ffefdecd</color>
	<color name="amaranth">ffe52b50</color>
	<color name="amber">ffff7e00</color>
	<color name="american rose">ffff033e</color>
	<color name="amethyst">ff9966cc</color>
	<color name="android green">ffa4c639</color>
	<color name="anti-flash white">fff2f3f4</color>
	<color name="antique brass">ffcd9575</color>
	<color name="antique fuchsia">ff915c83</color>
	<color name="antique white">fffaebd7</color>
	<color name="ao">ff008000</color>
	<color name="apple green">ff8db600</color>
	<color name="apricot">fffbceb1</color>
	<color name="aqua">ff00ffff</color>
	<color name="aquamarine">ff7fffd4</color>
	<color name="army green">ff4b5320</color>
	<color name="arylide yellow">ffe9d66b</color>
	<color name="ash grey">ffb2beb5</color>
	<color name="asparagus">ff87a96b</color>
	<color name="atomic tangerine">ffff9966</color>
	<color name="auburn">ffa52a2a</color>
	<color name="aureolin">fffdee00</color>
	<color name="aurometalsaurus">ff6e7f80</color>
	<color name="awesome">ffff2052</color>
	<color name="azure">ff007fff</color>
	<color name="baby blue eyes">ffa1caf1</color>
	<color name="baby blue">ff89cff0</color>
	<color name="baby pink">fff4c2c2</color>
	<color name="ball blue">ff21abcd</color>
	<color name="banana mania">fffae7b5</color>
	<color name="banana yellow">ffffe135</color>
	<color name="old silver">ff848482</color>
	<color name="bazaar">ff98777b</color>
	<color name="beau blue">ffbcd4e6</color>
	<color name="beaver">ff9f8170</color>
	<color name="beige">fff5f5dc</color>
	<color name="bisque">ffffe4c4</color>
	<color name="bistre">ff3d2b1f</color>
	<color name="bittersweet">fffe6f5e</color>
	<color name="black">ff000000</color>
	<color name="black 25%">41000000</color>
	<color name="black 50%">81000000</color>
	<color name="black 75%">c0000000</color>
	<color name="lemonz">41000000</color>
	<color name="lemon 50%">ffff0050</color>
	<color name="blanched almond">ffffebcd</color>
	<color name="bleu de france">ff318ce7</color>
	<color name="blizzard blue">fface5ee</color>
	<color name="blond">fffaf0be</color>
	<color name="blue bell">ffa2a2d0</color>
	<color name="blue-gray">ff6699cc</color>
	<color name="blue jeans">ff64b5f6</color>
	<color name="blue">ff0000ff</color>
	<color name="blue-green">ff0d98ba</color>
	<color name="blue-violet">ff8a2be2</color>
	<color name="blueberry">ff448aff</color>
	<color name="blush">ffde5d83</color>
	<color name="bole">ff79443b</color>
	<color name="bondi blue">ff0095b6</color>
	<color name="boston university red">ffcc0000</color>
	<color name="boysenberry">ff873260</color>
	<color name="brandeis blue">ff0070ff</color>
	<color name="brass">ffb5a642</color>
	<color name="brick red">ffcb4154</color>
	<color name="battery charged blue">ff1dacd6</color>
	<color name="bright green">ff66ff00</color>
	<color name="bright grey">ffeceff1</color>
	<color name="bright lavender">ffbf94e4</color>
	<color name="bright maroon">ffc32148</color>
	<color name="bright navy blue">ff1976d2</color>
	<color name="bright pink">ffff007f</color>
	<color name="bright turquoise">ff08e8de</color>
	<color name="bright ube">ffd19fe8</color>
	<color name="brilliant lavender">fff4bbff</color>
	<color name="brilliant rose">ffff55a3</color>
	<color name="brink pink">fffb607f</color>
	<color name="british racing green">ff004225</color>
	<color name="bronze">ffcd7f32</color>
	<color name="pastel grey">ffd7ccc8</color>
	<color name="silver pink">ffbcaaa4</color>
	<color name="cinereous">ffa1887f</color>
	<color name="dark chestnut">ff8d6e63</color>
	<color name="alabaster">ffefebe9</color>
	<color name="tuscan red">ff795548</color>
	<color name="liver">ff6d4c41</color>
	<color name="royal brown">ff5d4037</color>
	<color name="brown coffee">ff4e342e</color>
	<color name="bistre">ff3e2723</color>
	<color name="bubble gum">ffffc1cc</color>
	<color name="bubbles">ffe7feff</color>
	<color name="buff">fff0dc82</color>
	<color name="bulgarian rose">ff480607</color>
	<color name="burgundy">ff800020</color>
	<color name="burlywood">ffdeb887</color>
	<color name="burnt orange">ffcc5500</color>
	<color name="burnt sienna">ffe97451</color>
	<color name="burnt umber">ff8a3324</color>
	<color name="button blue">ff2196f3</color>
	<color name="byzantine">ffbd33a4</color>
	<color name="byzantium">ff702963</color>
	<color name="cadet blue">ff5f9ea0</color>
	<color name="cadet grey">ff91a3b0</color>
	<color name="cadet">ff536872</color>
	<color name="cadmium green">ff006b3c</color>
	<color name="cadmium orange">ffed872d</color>
	<color name="cadmium red">ffe30022</color>
	<color name="cadmium yellow">fffff600</color>
	<color name="café au lait">ffa67b5b</color>
	<color name="café noir">ff4b3621</color>
	<color name="cal poly pomona green">ff1e4d2b</color>
	<color name="cambridge blue">ffa3c1ad</color>
	<color name="camel">ffc19a6b</color>
	<color name="camouflage green">ff78866b</color>
	<color name="canary yellow">ffffef00</color>
	<color name="candy apple red">ffff0800</color>
	<color name="candy pink">ffe4717a</color>
	<color name="capri">ff00bfff</color>
	<color name="caput mortuum">ff592720</color>
	<color name="cardinal">ffc41e3a</color>
	<color name="caribbean green">ff00cc99</color>
	<color name="carmine pink">ffeb4c42</color>
	<color name="carmine red">ffff0038</color>
	<color name="electric crimson">ffff0040</color>
	<color name="carnation pink">ffffa6c9</color>
	<color name="carnelian">ffb31b1b</color>
	<color name="pale cerulean">ff99badd</color>
	<color name="carrot orange">ffed9121</color>
	<color name="celadon">fface1af</color>
	<color name="celeste">ffb2ffff</color>
	<color name="celestial blue">ff4997d0</color>
	<color name="cerise pink">ffec3b83</color>
	<color name="cerise">ffde3163</color>
	<color name="cerulean blue">ff2a52be</color>
	<color name="celadon blue">ff007ba7</color>
	<color name="cg blue">ff007aa5</color>
	<color name="cg red">ffe03c31</color>
	<color name="chamoisee">ffa0785a</color>
	<color name="deep champagne">fffad6a5</color>
	<color name="charcoal">ff36454f</color>
	<color name="traditional chartreuse">ffdfff00</color>
	<color name="chartreuse">ff7fff00</color>
	<color name="cherry blossom pink">ffffb7c5</color>
	<color name="indian red">ffcd5c5c</color>
	<color name="traditional chocolate">ff7b3f00</color>
	<color name="chocolate">ffd2691e</color>
	<color name="chrome yellow">ffffa700</color>
	<color name="cinereous">ff98817b</color>
	<color name="cinnabar">ffe34234</color>
	<color name="citrine">ffe4d00a</color>
	<color name="classic rose">fffbcce7</color>
	<color name="cobalt blue">ff0047ab</color>
	<color name="coffee">ff6f4e37</color>
	<color name="winter wizard">ff9bddff</color>
	<color name="cool black">ff002e63</color>
	<color name="cool grey">ff8c92ac</color>
	<color name="copper rose">ff996666</color>
	<color name="copper">ffb87333</color>
	<color name="coquelicot">ffff3800</color>
	<color name="congo pink">fff88379</color>
	<color name="coral red">ffff4040</color>
	<color name="coral">ffff7f50</color>
	<color name="cordovan">ff893f45</color>
	<color name="corn">fffbec5d</color>
	<color name="cornflower blue">ff6495ed</color>
	<color name="cornsilk">fffff8dc</color>
	<color name="cosmic latte">fffff8e7</color>
	<color name="cotton candy">ffffbcd9</color>
	<color name="crayola's blue">ff2962ff</color>
	<color name="crayola's yellow">ffffe57f</color>
	<color name="cream">fffffdd0</color>
	<color name="crimson glory">ffbe0032</color>
	<color name="crimson">ffdc143c</color>
	<color name="process cyan">ff00b7eb</color>
	<color name="pale blue">ffb2ebf2</color>
	<color name="medium sky blue">ff80deea</color>
	<color name="sea serpent">ff4dd0e1</color>
	<color name="battery charged blue">ff26c6da</color>
	<color name="light cyan">ffe0f7fa</color>
	<color name="turquoise surf">ff00bcd4</color>
	<color name="tiffany blue">ff00acc1</color>
	<color name="munsell blue">ff0097a7</color>
	<color name="dark cyan">ff00838f</color>
	<color name="tropical rain forest">ff006064</color>
	<color name="electric blue">ff84ffff</color>
	<color name="fluorescent  blue">ff18ffff</color>
	<color name="vivid sky blue">ff00e5ff</color>
	<color name="turquoise surf">ff00b8d4</color>
	<color name="daffodil">ffffff31</color>
	<color name="dandelion">fff0e130</color>
	<color name="dark brown">ff654321</color>
	<color name="dark byzantium">ff5d3954</color>
	<color name="dark candy apple red">ffa40000</color>
	<color name="dark cerulean">ff08457e</color>
	<color name="dark chestnut">ff986960</color>
	<color name="dark coral">ffcd5b45</color>
	<color name="dark cyan">ff008b8b</color>
	<color name="dark electric blue">ff536878</color>
	<color name="dark goldenrod">ffb8860b</color>
	<color name="x11 dark gray">ffa9a9a9</color>
	<color name="dark green">ff013220</color>
	<color name="dark jungle green">ff1a2421</color>
	<color name="dark khaki">ffbdb76b</color>
	<color name="dark lava">ff483c32</color>
	<color name="dark lavender">ff734f96</color>
	<color name="dark magenta">ff8b008b</color>
	<color name="dark midnight blue">ff003366</color>
	<color name="dark olive green">ff556b2f</color>
	<color name="dark orange">ffff8c00</color>
	<color name="dark orchid">ff9932cc</color>
	<color name="dark pastel blue">ff779ecb</color>
	<color name="dark pastel green">ff03c03c</color>
	<color name="dark pastel purple">ff966fd6</color>
	<color name="dark pastel red">ffc23b22</color>
	<color name="dark pink">ffe75480</color>
	<color name="dark powder blue">ff003399</color>
	<color name="dark raspberry">ff872657</color>
	<color name="dark red">ff8b0000</color>
	<color name="dark salmon">ffe9967a</color>
	<color name="dark scarlet">ff560319</color>
	<color name="dark sea green">ff8fbc8f</color>
	<color name="dark sienna">ff3c1414</color>
	<color name="dark slate blue">ff483d8b</color>
	<color name="dark slate gray">ff2f4f4f</color>
	<color name="dark spring green">ff177245</color>
	<color name="dark tan">ff918151</color>
	<color name="dark tangerine">ffffa812</color>
	<color name="dark terra cotta">ffcc4e5c</color>
	<color name="dark turquoise">ff00ced1</color>
	<color name="dark violet">ff9400d3</color>
	<color name="dark blue">ff00008b</color>
	<color name="rich black">ff011222</color>
	<color name="dark cyan">ff008b8b</color>
	<color name="x11 dark green">ff006400</color>
	<color name="dartmouth green">ff00693e</color>
	<color name="davy's grey">ff555555</color>
	<color name="debian red">ffd70a53</color>
	<color name="deep carmine pink">ffef3038</color>
	<color name="deep carmine">ffa9203e</color>
	<color name="deep carrot orange">ffe9692c</color>
	<color name="deep cerise">ffda3287</color>
	<color name="deep chestnut">ffb94e48</color>
	<color name="deep coffee">ff704241</color>
	<color name="deep fuchsia">ffc154c1</color>
	<color name="deep jungle green">ff004b49</color>
	<color name="deep lilac">ff9955bb</color>
	<color name="deep magenta">ffcc00cc</color>
	<color name="deep peach">ffffcba4</color>
	<color name="deep pink">ffff1493</color>
	<color name="deep saffron">ffff9933</color>
	<color name="deep space sparkle">ff455a64</color>
	<color name="apricot">ffccbc</color>
	<color name="vivid tangerine">ffffab91</color>
	<color name="atomic tangerine">ffff8a65</color>
	<color name="outrageous orange">ffff7043</color> <!-- WIP -->
	<color name="deep_orange_50">fffbe9e7</color>
	<color name="deep_orange_500">ffff5722</color>
	<color name="deep_orange_600">fff4511e</color>
	<color name="deep_orange_700">ffe64a19</color>
	<color name="deep_orange_800">ffd84315</color>
	<color name="deep_orange_900">ffbf360c</color>
	<color name="deep_orange_a100">ffff9e80</color>
	<color name="deep_orange_a200">ffff6e40</color>
	<color name="deep_orange_a400">ffff3d00</color>
	<color name="deep_orange_a700">ffdd2c00</color>
	<color name="deep_purple_100">ffd1c4e9</color>
	<color name="deep_purple_200">ffb39ddb</color>
	<color name="deep_purple_300">ff9575cd</color>
	<color name="deep_purple_400">ff7e57c2</color>
	<color name="deep_purple_50">ffede7f6</color>
	<color name="deep_purple_500">ff673ab7</color>
	<color name="deep_purple_600">ff5e35b1</color>
	<color name="deep_purple_700">ff512da8</color>
	<color name="deep_purple_800">ff4527a0</color>
	<color name="deep_purple_900">ff311b92</color>
	<color name="deep_purple_a100">ffb388ff</color>
	<color name="deep_purple_a200">ff7c4dff</color>
	<color name="deep_purple_a400">ff651fff</color>
	<color name="deep_purple_a700">ff6200ea</color>
	<color name="denim">ff1560bd</color>
	<color name="desert sand">ffedc9af</color>
	<color name="diamond">ffbbdefb</color>
	<color name="dim gray">ff696969</color>
	<color name="dodger blue">ff1e90ff</color>
	<color name="dogwood rose">ffd71868</color>
	<color name="dollar bill">ff85bb65</color>
	<color name="drab">ff967117</color>
	<color name="duke blue">ff00009c</color>
	<color name="earth yellow">ffe1a95f</color>
	<color name="ecru">ffc2b280</color>
	<color name="eggplant">ff614051</color>
	<color name="eggshell">fff0ead6</color>
	<color name="egyptian blue">ff1034a6</color>
	<color name="electric blue">ff7df9ff</color>
	<color name="electric crimson">ffff003f</color>
	<color name="electric green">ff00ff00</color>
	<color name="electric indigo">ff6f00ff</color>
	<color name="electric lime">ffccff00</color>
	<color name="electric purple">ffbf00ff</color>
	<color name="electric ultramarine">ff3f00ff</color>
	<color name="electric violet">ff8f00ff</color>
	<color name="electric yellow">ffffff00</color>
	<color name="emerald">ff50c878</color>
	<color name="eton blue">ff96c8a2</color>
	<color name="falu red">ff801818</color>
	<color name="fandango">ffb53389</color>
	<color name="fashion fuchsia">fff400a1</color>
	<color name="fawn">ffe5aa70</color>
	<color name="feldgrau">ff4d5d53</color>
	<color name="fern green">ff4f7942</color>
	<color name="ferrari red">ffff2800</color>
	<color name="field drab">ff6c541e</color>
	<color name="fire engine red">ffce2029</color>
	<color name="firebrick">ffb22222</color>
	<color name="flame">ffe25822</color>
	<color name="flamingo pink">fffc8eac</color>
	<color name="flavescent">fff7e98e</color>
	<color name="flax">ffeedc82</color>
	<color name="floral white">fffffaf0</color>
	<color name="Fluorescent Orange">ffffbf00</color>
	<color name="fluorescent yellow">ffccff00</color>
	<color name="folly">ffff004f</color>
	<color name="traditional forest green">ff014421</color>
	<color name="forest green">ff228b22</color>
	<color name="french blue">ff0072bb</color>
	<color name="french lilac">ff86608e</color>
	<color name="french rose">fff64a8a</color>
	<color name="french sky blue">ff82b1ff</color>
	<color name="fuchsia pink">ffff77ff</color>
	<color name="fuchsia">ffff00ff</color>
	<color name="fulvous">ffe48400</color>
	<color name="fuzzy wuzzy">ffcc6666</color>
	<color name="gainsboro">ffdcdcdc</color>
	<color name="gamboge">ffe49b0f</color>
	<color name="gargoyle gas">ffffd740</color>
	<color name="ghost white">fff8f8ff</color>
	<color name="ginger">ffb06500</color>
	<color name="glaucous">ff6082b6</color>
	<color name="glitter">ffe6e8fa</color>
	<color name="american gold">ffd4af37</color>
	<color name="gold">ffffd700</color>
	<color name="golden brown">ff996515</color>
	<color name="golden poppy">fffcc200</color>
	<color name="golden yellow">ffffdf00</color>
	<color name="goldenrod">ffdaa520</color>
	<color name="granny smith apple">ffa8e4a0</color>
	<color name="gray">ff7f7f7f</color>
	<color name="x11 gray">ffbdbdbd</color>
	<color name="gray-asparagus">ff465945</color>
	<color name="electric green">ff00ff00</color>
	<color name="munsell green">ff00a877</color>
	<color name="ncs green">ff009f6b</color>
	<color name="pigment green">ff00a550</color>
	<color name="ryb green">ff66b032</color>
	<color name="green-yellow">ffadff2f</color>
	<color name="green_100">ffc8e6c9</color>
	<color name="green_200">ffa5d6a7</color>
	<color name="green_300">ff81c784</color>
	<color name="green_400">ff66bb6a</color>
	<color name="green_50">ffe8f5e9</color>
	<color name="green_500">ff4caf50</color>
	<color name="green_600">ff43a047</color>
	<color name="green_700">ff388e3c</color>
	<color name="green_800">ff2e7d32</color>
	<color name="green_900">ff1b5e20</color>
	<color name="green_a100">ffb9f6ca</color>
	<color name="green_a200">ff69f0ae</color>
	<color name="green_a400">ff00e676</color>
	<color name="green_a700">ff00c853</color>
	<color name="grey_100">fff5f5f5</color>
	<color name="grey_200">ffeeeeee</color>
	<color name="grey_300">ffe0e0e0</color>
	<color name="grey_50">fffafafa</color>
	<color name="grey_500">ff9e9e9e</color>
	<color name="grey_600">ff757575</color>
	<color name="grey_700">ff616161</color>
	<color name="grey_800">ff424242</color>
	<color name="grey_900">ff212121</color>
	<color name="grullo">ffa99a86</color>
	<color name="gunmetal">ff263238</color>
	<color name="guppie green">ff00ff7f</color>
	<color name="halayà úbe">ff663854</color>
	<color name="han blue">ff446ccf</color>
	<color name="han purple">ff5218fa</color>
	<color name="harlequin">ff3fff00</color>
	<color name="harvard crimson">ffc90016</color>
	<color name="harvest gold">ffda9100</color>
	<color name="heart gold">ff808000</color>
	<color name="heliotrope">ffdf73ff</color>
	<color name="hollywood cerise">fff400a1</color>
	<color name="honeydew">fff0fff0</color>
	<color name="hooker's green">ff007000</color>
	<color name="hot magenta">ffff1dce</color>
	<color name="hot pink">ffff69b4</color>
	<color name="hunter green">ff355e3b</color>
	<color name="icterine">fffcf75e</color>
	<color name="inchworm">ffb2ec5d</color>
	<color name="india green">ff138808</color>
	<color name="indian yellow">ffe3a857</color>
	<color name="ateneo blue">ff00416a</color>
	<color name="indigo">ff4b0082</color>
	<color name="indigo_100">ffc5cae9</color>
	<color name="indigo_200">ff9fa8da</color>
	<color name="indigo_300">ff7986cb</color>
	<color name="indigo_400">ff5c6bc0</color>
	<color name="indigo_50">ffe8eaf6</color>
	<color name="indigo_500">ff3f51b5</color>
	<color name="indigo_600">ff3949ab</color>
	<color name="indigo_700">ff303f9f</color>
	<color name="indigo_800">ff283593</color>
	<color name="indigo_900">ff1a237e</color>
	<color name="indigo_a100">ff8c9eff</color>
	<color name="indigo_a200">ff536dfe</color>
	<color name="indigo_a400">ff3d5afe</color>
	<color name="indigo_a700">ff304ffe</color>
	<color name="international klein blue">ff002fa7</color>
	<color name="international orange">ffff4f00</color>
	<color name="iris">ff5a4fcf</color>
	<color name="isabelline">fff4f0ec</color>
	<color name="islamic green">ff009000</color>
	<color name="ivory">fffffff0</color>
	<color name="jade">ff00a86b</color>
	<color name="jasmine">fff8de7e</color>
	<color name="jasper">ffd73b3e</color>
	<color name="jazzberry jam">ffa50b5e</color>
	<color name="jonquil">fffada5e</color>
	<color name="june bud">ffbdda57</color>
	<color name="jungle green">ff29ab87</color>
	<color name="kelly green">ff4cbb17</color>
	<color name="sage">ffc3b091</color>
	<color name="khaki">fff0e68c</color>
	<color name="ku crimson">ffe8000d</color>
	<color name="la salle green">ff087830</color>
	<color name="languid lavender">ffd6cadd</color>
	<color name="lapis lazuli">ff26619c</color>
	<color name="laser lemon">fffefe22</color>
	<color name="laurel green">ffa9ba9d</color>
	<color name="lava">ffcf1020</color>
	<color name="floral lavender">ffb57edc</color>
	<color name="lavender">ffe6e6fa</color>
	<color name="lavender blue">ffccccff</color>
	<color name="lavender blush">fffff0f5</color>
	<color name="lavender gray">ffc4c3d0</color>
	<color name="lavender indigo">ff9457eb</color>
	<color name="lavender magenta">ffee82ee</color>
	<color name="lavender pink">fffbaed2</color>
	<color name="lavender purple">ff967bb6</color>
	<color name="lavender rose">fffba0e3</color>
	<color name="lavender">ffe3f2fd</color>
	<color name="lavender blush">fffff0f5</color>
	<color name="lawn green">ff7cfc00</color>
	<color name="lemon chiffon">fffffacd</color>
	<color name="lemon">fffff700</color>
	<color name="lemon2">fffff750</color>
	<color name="lemon3">fffff720</color>
	<color name="lemon4">fffff100</color>
	<color name="light apricot">fffdd5b1</color>
	<color name="light blue">ffadd8e6</color>
	<color name="light brown">ffb5651d</color>
	<color name="light carmine pink">ffe66771</color>
	<color name="light coral">fff08080</color>
	<color name="light cornflower blue">ff93ccea</color>
	<color name="light crimson">fff56991</color>
	<color name="light cyan">ffe0ffff</color>
	<color name="light fuchsia pink">fff984ef</color>
	<color name="light goldenrod yellow">fffafad2</color>
	<color name="light gray">ffd3d3d3</color>
	<color name="light green">ff90ee90</color>
	<color name="light khaki">fff0e68c</color>
	<color name="light pastel purple">ffb19cd9</color>
	<color name="light pink">ffffb6c1</color>
	<color name="light salmon pink">ffff9999</color>
	<color name="light salmon">ffffa07a</color>
	<color name="light sea green">ff20b2aa</color>
	<color name="light silver">ffcfd8dc</color>
	<color name="light sky blue">ff87cefa</color>
	<color name="light sky blue">ff90caf9</color>
	<color name="light slate gray">ff778899</color>
	<color name="light slate grey">ff78909c</color>
	<color name="light taupe">ffb38b6d</color>
	<color name="light thulian pink">ffe68fac</color>
	<color name="light yellow">ffffffed</color>
	<color name="light_blue_100">ffb3e5fc</color>
	<color name="light_blue_200">ff81d4fa</color>
	<color name="light_blue_300">ff4fc3f7</color>
	<color name="light_blue_400">ff29b6f6</color>
	<color name="light_blue_50">ffe1f5fe</color>
	<color name="light_blue_500">ff03a9f4</color>
	<color name="light_blue_600">ff039be5</color>
	<color name="light_blue_700">ff0288d1</color>
	<color name="light_blue_800">ff0277bd</color>
	<color name="light_blue_900">ff01579b</color>
	<color name="light_blue_a100">ff80d8ff</color>
	<color name="light_blue_a200">ff40c4ff</color>
	<color name="light_blue_a400">ff00b0ff</color>
	<color name="light_blue_a700">ff0091ea</color>
	<color name="light_green_100">ffdcedc8</color>
	<color name="light_green_200">ffc5e1a5</color>
	<color name="light_green_300">ffaed581</color>
	<color name="light_green_400">ff9ccc65</color>
	<color name="light_green_50">fff1f8e9</color>
	<color name="light_green_500">ff8bc34a</color>
	<color name="light_green_600">ff7cb342</color>
	<color name="light_green_700">ff689f38</color>
	<color name="light_green_800">ff558b2f</color>
	<color name="light_green_900">ff33691e</color>
	<color name="light_green_a100">ffccff90</color>
	<color name="light_green_a200">ffb2ff59</color>
	<color name="light_green_a400">ff76ff03</color>
	<color name="light_green_a700">ff64dd17</color>
	<color name="light blue">ffadd8e6</color>
	<color name="light coral">fff08080</color>
	<color name="light cyan">ffe0ffff</color>
	<color name="light goldenrod yellow">fffafad2</color>
	<color name="light gray">ffd3d3d3</color>
	<color name="light green">ff90ee90</color>
	<color name="light grey">ffd3d3d3</color>
	<color name="light pink">ffffb6c1</color>
	<color name="light salmon">ffffa07a</color>
	<color name="light seagreen">ff20b2aa</color>
	<color name="light sky blue">ff87cefa</color>
	<color name="light slate gray">ff778899</color>
	<color name="light steel blue">ffb0c4de</color>
	<color name="light yellow">ffffffe0</color>
	<color name="lilac">ffc8a2c8</color>
	<color name="bitter lime">ffbfff00</color>
	<color name="electric green">ff00ff00</color>
	<color name="lime green">ff32cd32</color>
	<color name="lime">ff00ff00</color>
	<color name="lime_100">fff0f4c3</color>
	<color name="lime_200">ffe6ee9c</color>
	<color name="lime_300">ffdce775</color>
	<color name="lime_400">ffd4e157</color>
	<color name="lime_50">fff9fbe7</color>
	<color name="lime_500">ffcddc39</color>
	<color name="lime_600">ffc0ca33</color>
	<color name="lime_700">ffafb42b</color>
	<color name="lime_800">ff9e9d24</color>
	<color name="lime_900">ff827717</color>
	<color name="lime_a100">fff4ff81</color>
	<color name="lime_a200">ffeeff41</color>
	<color name="lime_a400">ffc6ff00</color>
	<color name="lime_a700">ffaeea00</color>
	<color name="lincoln green">ff195905</color>
	<color name="linen">fffaf0e6</color>
	<color name="liver">ff534b4f</color>
	<color name="lust">ffe62020</color>
	<color name="magenta dye">ffca1f7b</color>
	<color name="process magenta">ffff0090</color>
	<color name="fuchsia">ffff00ff</color>
	<color name="magic mint">ffaaf0d1</color>
	<color name="magnolia">fff8f4ff</color>
	<color name="mahogany">ffc04000</color>
	<color name="blue bolt">FF00b8ff</color>
	<color name="majorelle blue">ff6050dc</color>
	<color name="malachite">ff0bda51</color>
	<color name="manatee">ff979aaa</color>
	<color name="mango tango">ffff8243</color>
	<color name="mantis">ff74c365</color>
	<color name="maroon">ff800000</color>
	<color name="x11 maroon">ffb03060</color>
	<color name="mauve taupe">ff915f6d</color>
	<color name="mauve">ffe0b0ff</color>
	<color name="mauvelous">ffef98aa</color>
	<color name="maya blue">ff73c2fb</color>
	<color name="meat brown">ffe5b73b</color>
	<color name="medium aquamarine">ff66ddaa</color>
	<color name="medium blue">ff0000cd</color>
	<color name="medium candy apple red">ffe2062c</color>
	<color name="medium carmine">ffaf4035</color>
	<color name="medium champagne">fff3e5ab</color>
	<color name="medium electric blue">ff035096</color>
	<color name="medium jungle green">ff1c352d</color>
	<color name="medium lavender magenta">ffdda0dd</color>
	<color name="medium orchid">ffba55d3</color>
	<color name="medium persian blue">ff0067a5</color>
	<color name="medium purple">ff9370db</color>
	<color name="medium red-violet">ffbb3385</color>
	<color name="medium sea green">ff3cb371</color>
	<color name="medium slate blue">ff7b68ee</color>
	<color name="medium spring bud">ffc9dc87</color>
	<color name="medium spring green">ff00fa9a</color>
	<color name="medium taupe">ff674c47</color>
	<color name="medium teal blue">ff0054b4</color>
	<color name="medium turquoise">ff48d1cc</color>
	<color name="medium violet-red">ffc71585</color>
	<color name="melon">fffdbcb4</color>
	<color name="midnight blue">ff191970</color>
	<color name="midnight green">ff004953</color>
	<color name="mikado yellow">ffffc107</color>
	<color name="mint cream">fff5fffa</color>
	<color name="mint green">ff98ff98</color>
	<color name="mint">ff3eb489</color>
	<color name="misty rose">ffffe4e1</color>
	<color name="peach">ffffe4b5</color>
	<color name="mode beige">ff967117</color>
	<color name="moonstone blue">ff73a9c2</color>
	<color name="mordant red 19">ffae0c00</color>
	<color name="moss green">ffaddfad</color>
	<color name="mountain meadow">ff30ba8f</color>
	<color name="mountbatten pink">ff997a8d</color>
	<color name="msu green">ff18453b</color>
	<color name="mulberry">ffc54b8c</color>
	<color name="munsell blue">ff0093af</color>
	<color name="mustard">ffffd54f</color>
	<color name="myrtle">ff21421e</color>
	<color name="nadeshiko pink">fff6adc6</color>
	<color name="napier green">ff2a8000</color>
	<color name="naples yellow">fffada5e</color>
	<color name="navajo white">ffffdead</color>
	<color name="navy blue">ff000080</color>
	<color name="navy">ff000080</color>
	<color name="ncs blue">ff0087bd</color>
	<color name="neon carrot">ffffa343</color>
	<color name="neon fuchsia">fffe59c2</color>
	<color name="neon green">ff39ff14</color>
	<color name="non-photo blue">ffa4dded</color>
	<color name="north texas green">ff059033</color>
	<color name="ocean boat blue">ff0077be</color>
	<color name="ochre">ffcc7722</color>
	<color name="old gold">ffcfb53b</color>
	<color name="old lace">fffdf5e6</color>
	<color name="old lavender">ff796878</color>
	<color name="old mauve">ff673147</color>
	<color name="old rose">ffc08081</color>
	<color name="olive drab #7">ff3c341f</color>
	<color name="olive drab #3">ff6b8e23</color>
	<color name="olive">ff808000</color>
	<color name="olivine">ff9ab973</color>
	<color name="onyx">ff0f0f0f</color>
	<color name="opera mauve">ffb784a7</color>
	<color name="ryb orange">fffb9902</color>
	<color name="orange peel">ffff9f00</color>
	<color name="orange">ffffa500</color>
	<color name="orange-red">ffff4500</color>
	<color name="orange_100">ffffe0b2</color>
	<color name="orange_200">ffffcc80</color>
	<color name="orange_300">ffffb74d</color>
	<color name="orange_400">ffffa726</color>
	<color name="orange_50">fffff3e0</color>
	<color name="orange_600">fffb8c00</color>
	<color name="orange_700">fff57c00</color>
	<color name="orange_800">ffef6c00</color>
	<color name="orange_900">ffe65100</color>
	<color name="orange_a100">ffffd180</color>
	<color name="orange_a200">ffffab40</color>
	<color name="orange_a400">ffff9100</color>
	<color name="orange_a700">ffff6d00</color>
	<color name="orchid">ffda70d6</color>
	<color name="crimson red">ff990000</color>
	<color name="outer space">ff414a4c</color>
	<color name="outrageous orange">ffff6e4a</color>
	<color name="oxford blue">ff002147</color>
	<color name="pakistan green">ff006600</color>
	<color name="palatinate blue">ff273be2</color>
	<color name="palatinate purple">ff682860</color>
	<color name="pale blue">ffafeeee</color>
	<color name="pale brown">ff987654</color>
	<color name="pale carmine">ffaf4035</color>
	<color name="pale cerulean">ff9bc4e2</color>
	<color name="pale chestnut">ffddadaf</color>
	<color name="pale copper">ffda8a67</color>
	<color name="pale cornflower blue">ffabcdef</color>
	<color name="pale gold">ffe6be8a</color>
	<color name="pale goldenrod">ffeee8aa</color>
	<color name="pale green">ff98fb98</color>
	<color name="pale lavender">ffdcd0ff</color>
	<color name="pale magenta">fff984e5</color>
	<color name="pale pink">fffadadd</color>
	<color name="pale red-violet">ffdb7093</color>
	<color name="pale robin egg blue">ff96ded1</color>
	<color name="pale silver">ffc9c0bb</color>
	<color name="pale spring bud">ffecebbd</color>
	<color name="pale taupe">ffbc987e</color>
	<color name="pale violet-red">ffdb7093</color>
	<color name="pansy purple">ff78184a</color>
	<color name="papaya whip">ffffefd5</color>
	<color name="paris green">ff50c878</color>
	<color name="pastel blue">ffaec6cf</color>
	<color name="pastel brown">ff836953</color>
	<color name="pastel gray">ffcfcfc4</color>
	<color name="pastel green">ff77dd77</color>
	<color name="pastel magenta">fff49ac2</color>
	<color name="pastel orange">ffffb347</color>
	<color name="pastel pink">ffffd1dc</color>
	<color name="pastel purple">ffb39eb5</color>
	<color name="pastel red">ffff6961</color>
	<color name="pastel violet">ffcb99c9</color>
	<color name="pastel yellow">fffdfd96</color>
	<color name="patriarch">ff800080</color>
	<color name="payne's grey">ff40404f</color>
	<color name="peach puff">ffffdab9</color>
	<color name="peach">ffffe5b4</color>
	<color name="peach-orange">ffffcc99</color>
	<color name="peach-yellow">fffadfad</color>
	<color name="pear">ffd1e231</color>
	<color name="pearl aqua">ff88d8c0</color>
	<color name="pearl">ffeae0c8</color>
	<color name="peridot">ffe6e200</color>
	<color name="periwinkle">ffccccff</color>
	<color name="persian blue">ff1c39bb</color>
	<color name="persian green">ff00a693</color>
	<color name="persian indigo">ff32127a</color>
	<color name="persian orange">ffd99058</color>
	<color name="persian pink">fff77fbe</color>
	<color name="persian plum">ff701c1c</color>
	<color name="persian red">ffcc3333</color>
	<color name="persian rose">fffe28a2</color>
	<color name="peru">ffcd853f</color>
	<color name="philippine orange">ffff6f00</color>
	<color name="phlox">ffdf00ff</color>
	<color name="phthalo blue">ff000f89</color>
	<color name="phthalo green">ff123524</color>
	<color name="picton blue">ff42a5f5</color>
	<color name="piggy pink">fffddde6</color>
	<color name="pigment blue">ff333399</color>
	<color name="pine green">ff01796f</color>
	<color name="pink pearl">ffe7accf</color>
	<color name="pink sherbet">fff78fa7</color>
	<color name="pink">ffffc0cb</color>
	<color name="pink_100">fff8bbd0</color>
	<color name="pink_200">fff48fb1</color>
	<color name="pink_300">fff06292</color>
	<color name="pink_400">ffec407a</color>
	<color name="pink_50">fffce4ec</color>
	<color name="pink_500">ffe91e63</color>
	<color name="pink_600">ffd81b60</color>
	<color name="pink_700">ffc2185b</color>
	<color name="pink_800">ffad1457</color>
	<color name="pink_900">ff880e4f</color>
	<color name="pink_a100">ffff80ab</color>
	<color name="pink_a200">ffff4081</color>
	<color name="pink_a400">fff50057</color>
	<color name="pink_a700">ffc51162</color>
	<color name="pistachio">ff93c572</color>
	<color name="platinum">ffe5e5e5</color>
	<color name="plum">ff8e4585</color>
	<color name="portland orange">ffff5a36</color>
	<color name="powder blue (web)">ffb0e0e6</color>
	<color name="powderblue">ffb0e0e6</color>
	<color name="princeton orange">ffff8f00</color>
	<color name="prune">ff701c1c</color>
	<color name="prussian blue">ff003153</color>
	<color name="psychedelic purple">ffdf00ff</color>
	<color name="puce">ffcc8899</color>
	<color name="pumpkin">ffff7518</color>
	<color name="purple (html/css)">ff800080</color>
	<color name="purple (munsell)">ff9f00c5</color>
	<color name="purple (x11)">ffa020f0</color>
	<color name="purple heart">ff69359c</color>
	<color name="purple mountain majesty">ff9678b6</color>
	<color name="purple pizzazz">fffe4eda</color>
	<color name="purple taupe">ff50404d</color>
	<color name="purple">ff800080</color>
	<color name="purple_100">ffe1bee7</color>
	<color name="purple_200">ffce93d8</color>
	<color name="purple_300">ffba68c8</color>
	<color name="purple_400">ffab47bc</color>
	<color name="purple_50">fff3e5f5</color>
	<color name="purple_500">ff9c27b0</color>
	<color name="purple_600">ff8e24aa</color>
	<color name="purple_700">ff7b1fa2</color>
	<color name="purple_800">ff6a1b9a</color>
	<color name="purple_900">ff4a148c</color>
	<color name="purple_a100">ffea80fc</color>
	<color name="purple_a200">ffe040fb</color>
	<color name="purple_a400">ffd500f9</color>
	<color name="purple_a700">ffaa00ff</color>
	<color name="quartz">ff51484f</color>
	<color name="radical red">ffff355e</color>
	<color name="raspberry glace">ff915f6d</color>
	<color name="raspberry pink">ffe25098</color>
	<color name="raspberry rose">ffb3446c</color>
	<color name="raspberry">ffe30b5d</color>
	<color name="raw umber">ff826644</color>
	<color name="razzle dazzle rose">ffff33cc</color>
	<color name="razzmatazz">ffe3256b</color>
	<color name="red (munsell)">fff2003c</color>
	<color name="red (ncs)">ffc40233</color>
	<color name="red (pigment)">ffed1c24</color>
	<color name="red (ryb)">fffe2712</color>
	<color name="red">ffff0000</color>
	<color name="red-violet">ffc71585</color>
	<color name="red_100">ffffcdd2</color>
	<color name="red_200">ffef9a9a</color>
	<color name="red_300">ffe57373</color>
	<color name="red_400">ffef5350</color>
	<color name="red_50">ffffebee</color>
	<color name="red_500">fff44336</color>
	<color name="red_600">ffe53935</color>
	<color name="red_700">ffd32f2f</color>
	<color name="red_800">ffc62828</color>
	<color name="red_900">ffb71c1c</color>
	<color name="red_a100">ffff8a80</color>
	<color name="red_a200">ffff5252</color>
	<color name="red_a400">ffff1744</color>
	<color name="red_a700">ffd50000</color>
	<color name="redwood">ffab4e52</color>
	<color name="rich black">ff004040</color>
	<color name="rich brilliant lavender">fff1a7fe</color>
	<color name="rich carmine">ffd70040</color>
	<color name="rich electric blue">ff0892d0</color>
	<color name="rich lavender">ffa76bcf</color>
	<color name="rich lilac">ffb666d2</color>
	<color name="rich maroon">ffb03060</color>
	<color name="rifle green">ff414833</color>
	<color name="ripe mango">ffffca28</color>
	<color name="robin egg blue">ff00cccc</color>
	<color name="rose bonbon">fff9429e</color>
	<color name="rose ebony">ff674846</color>
	<color name="rose gold">ffb76e79</color>
	<color name="rose pink">ffff66cc</color>
	<color name="rose quartz">ffaa98a9</color>
	<color name="rose taupe">ff905d5d</color>
	<color name="rose vale">ffab4e52</color>
	<color name="rosewood">ff65000b</color>
	<color name="rosso corsa">ffd40000</color>
	<color name="rosy brown">ffbc8f8f</color>
	<color name="rosybrown">ffbc8f8f</color>
	<color name="royal azure">ff0038a8</color>
	<color name="royal blue (traditional)">ff002366</color>
	<color name="royal blue (web)">ff4169e1</color>
	<color name="royal fuchsia">ffca2c92</color>
	<color name="royal purple">ff7851a9</color>
	<color name="royalblue">ff4169e1</color>
	<color name="ruby">ffe0115f</color>
	<color name="ruddy brown">ffbb6528</color>
	<color name="ruddy pink">ffe18e96</color>
	<color name="ruddy">ffff0028</color>
	<color name="rufous">ffa81c07</color>
	<color name="russet">ff80461b</color>
	<color name="rust">ffb7410e</color>
	<color name="ryb blue">ff0247fe</color>
	<color name="sacramento state green">ff00563f</color>
	<color name="saddle brown">ff8b4513</color>
	<color name="saddlebrown">ff8b4513</color>
	<color name="safety orange (blaze orange)">ffff6700</color>
	<color name="saffron">fff4c430</color>
	<color name="salmon pink">ffff91a4</color>
	<color name="salmon">fffa8072</color>
	<color name="salmon">ffff8c69</color>
	<color name="sand dune">ff967117</color>
	<color name="sand">ffc2b280</color>
	<color name="sandstorm">ffecd540</color>
	<color name="sandy brown">fff4a460</color>
	<color name="sandy taupe">ff967117</color>
	<color name="sandybrown">fff4a460</color>
	<color name="sap green">ff507d2a</color>
	<color name="sapphire">ff0f52ba</color>
	<color name="satin sheen gold">ffcba135</color>
	<color name="scarlet (crayola)">ffff2400</color>
	<color name="scarlet">ffff2400</color>
	<color name="school bus yellow">ffffd800</color>
	<color name="screamin' green">ff76ff7a</color>
	<color name="sea green">ff2e8b57</color>
	<color name="seagreen">ff2e8b57</color>
	<color name="seal brown">ff321414</color>
	<color name="seashell">fffff5ee</color>
	<color name="selective yellow">ffffba00</color>
	<color name="sepia">ff704214</color>
	<color name="shadow">ff8a795d</color>
	<color name="shamrock green">ff009e60</color>
	<color name="shocking pink">fffc0fc0</color>
	<color name="sienna">ff882d17</color>
	<color name="sienna">ffa0522d</color>
	<color name="silver">ffc0c0c0</color>
	<color name="sinopia">ffcb410b</color>
	<color name="skobeloff">ff007474</color>
	<color name="sky blue">ff87ceeb</color>
	<color name="sky magenta">ffcf71af</color>
	<color name="skyblue">ff87ceeb</color>
	<color name="slate blue">ff6a5acd</color>
	<color name="slate gray">ff708090</color>
	<color name="slateblue">ff6a5acd</color>
	<color name="slategray">ff708090</color>
	<color name="slategrey">ff708090</color>
	<color name="smalt (dark powder blue)">ff003399</color>
	<color name="smokey topaz">ff933d41</color>
	<color name="smoky black">ff100c08</color>
	<color name="snow">fffffafa</color>
	<color name="spiro disco ball">ff0fc0fc</color>
	<color name="splashed white">fffefdff</color>
	<color name="spring bud">ffa7fc00</color>
	<color name="spring green">ff00ff7f</color>
	<color name="springgreen">ff00ff7f</color>
	<color name="st. patrick's blue">ff23297a</color>
	<color name="steel blue">ff4682b4</color>
	<color name="steel teal">ff607d8b</color>
	<color name="steelblue">ff4682b4</color>
	<color name="stil de grain yellow">fffada5e</color>
	<color name="straw">ffe4d96f</color>
	<color name="sunglow">ffffcc33</color>
	<color name="tan">ffd2b48c</color>
	<color name="tangelo">fff94d00</color>
	<color name="tangerine yellow">ffffcc00</color>
	<color name="tangerine">fff28500</color>
	<color name="taupe gray">ff8b8589</color>
	<color name="tea green">ffd0f0c0</color>
	<color name="teal blue">ff367588</color>
	<color name="teal green">ff006d5b</color>
	<color name="teal">ff008080</color>
	<color name="teal_100">ffb2dfdb</color>
	<color name="teal_200">ff80cbc4</color>
	<color name="teal_300">ff4db6ac</color>
	<color name="teal_400">ff26a69a</color>
	<color name="teal_50">ffe0f2f1</color>
	<color name="teal_500">ff009688</color>
	<color name="teal_600">ff00897b</color>
	<color name="teal_700">ff00796b</color>
	<color name="teal_800">ff00695c</color>
	<color name="teal_900">ff004d40</color>
	<color name="teal_a100">ffa7ffeb</color>
	<color name="teal_a200">ff64ffda</color>
	<color name="teal_a400">ff1de9b6</color>
	<color name="teal_a700">ff00bfa5</color>
	<color name="tenné (tawny)">ffcd5700</color>
	<color name="terra cotta">ffe2725b</color>
	<color name="thistle">ffd8bfd8</color>
	<color name="thulian pink">ffde6fa1</color>
	<color name="tickle me pink">fffc89ac</color>
	<color name="tiffany blue">ff0abab5</color>
	<color name="tiger's eye">ffe08d3c</color>
	<color name="timberwolf">ffdbd7d2</color>
	<color name="titanium yellow">ffeee600</color>
	<color name="tomato">ffff6347</color>
	<color name="toolbox">ff746cc0</color>
	<color name="topaz">ffffc87c</color>
	<color name="tractor red">fffd0e35</color>
	<color name="traditional brown">ff964b00</color>
	<color name="transparent">00ffffff</color>
	<color name="trolley grey">ff808080</color>
	<color name="tropical rain forest">ff00755e</color>
	<color name="true blue">ff0073cf</color>
	<color name="true grey 25%">417f7f7f</color>
	<color name="true grey 50%">817f7f7f</color>
	<color name="true grey 75%">c07f7f7f</color>
	<color name="true grey">ff7f7f7f</color>
	<color name="tufts blue">ff417dc1</color>
	<color name="tumbleweed">ffdeaa88</color>
	<color name="turkish rose">ffb57281</color>
	<color name="turquoise blue">ff00ffef</color>
	<color name="turquoise green">ffa0d6b4</color>
	<color name="turquoise">ff30d5c8</color>
	<color name="turquoise">ff40e0d0</color>
	<color name="tuscan red">ff66424d</color>
	<color name="twilight lavender">ff8a496b</color>
	<color name="tyrian purple">ff66023c</color>
	<color name="ua blue">ff0033aa</color>
	<color name="ua red">ffd9004c</color>
	<color name="ube">ff8878c3</color>
	<color name="ucla blue">ff536895</color>
	<color name="ucla gold">ffffb300</color>
	<color name="ufo green">ff3cd070</color>
	<color name="ultra pink">ffff6fff</color>
	<color name="ultramarine blue">ff4166f5</color>
	<color name="ultramarine">ff120a8f</color>
	<color name="umber">ff635147</color>
	<color name="united nations blue">ff5b92e5</color>
	<color name="university of california gold">ffb78727</color>
	<color name="unmellow yellow">ffffff66</color>
	<color name="up forest green">ff014421</color>
	<color name="up maroon">ff7b1113</color>
	<color name="upsdell red">ffae2029</color>
	<color name="urobilin">ffe1ad21</color>
	<color name="usc gold">ffffcc00</color>
	<color name="utah crimson">ffd3003f</color>
	<color name="vanilla">fff3e5ab</color>
	<color name="vegas gold">ffc5b358</color>
	<color name="venetian red">ffc80815</color>
	<color name="verdigris">ff43b3ae</color>
	<color name="veronica">ffa020f0</color>
	<color name="violet (color wheel)">ff7f00ff</color>
	<color name="violet (ryb)">ff8601af</color>
	<color name="violet (web)">ffee82ee</color>
	<color name="violet">ff8f00ff</color>
	<color name="violet">ffee82ee</color>
	<color name="viridian">ff40826d</color>
	<color name="vivid auburn">ff922724</color>
	<color name="vivid burgundy">ff9f1d35</color>
	<color name="vivid cerise">ffda1d81</color>
	<color name="vivid gamboge">ffff9800</color>
	<color name="vivid orange peel">ffffa000</color>
	<color name="vivid tangerine">ffffa089</color>
	<color name="vivid violet">ff9f00ff</color>
	<color name="warm black">ff004242</color>
	<color name="azure">fff0ffff</color>
	<color name="wenge">ff645452</color>
	<color name="wheat">fff5deb3</color>
	<color name="white 25%">41ffffff</color>
	<color name="white 50%">81ffffff</color>
	<color name="white 75%">c0ffffff</color>
	<color name="white smoke">fff5f5f5</color>
	<color name="white">ffffffff</color>
	<color name="whitesmoke">fff5f5f5</color>
	<color name="wild blue yonder">ffa2add0</color>
	<color name="wild strawberry">ffff43a4</color>
	<color name="wild watermelon">fffc6c85</color>
	<color name="wine">ff722f37</color>
	<color name="wisteria">ffc9a0dc</color>
	<color name="xanadu">ff738678</color>
	<color name="yale blue">ff0d47a1</color>
	<color name="yale blue">ff0f4d92</color>
	<color name="yellow (munsell)">ffefcc00</color>
	<color name="yellow (ncs)">ffffd300</color>
	<color name="yellow (ryb)">fffefe33</color>
	<color name="yellow orange">ffffae42</color>
	<color name="yellow">ffffff00</color>
	<color name="yellow-green">ff9acd32</color>
	<color name="yellow_100">fffff9c4</color>
	<color name="yellow_200">fffff59d</color>
	<color name="yellow_300">fffff176</color>
	<color name="yellow_400">ffffee58</color>
	<color name="yellow_50">fffffde7</color>
	<color name="yellow_500">ffffeb3b</color>
	<color name="yellow_600">fffdd835</color>
	<color name="yellow_700">fffbc02d</color>
	<color name="yellow_800">fff9a825</color>
	<color name="yellow_900">fff57f17</color>
	<color name="yellow_a100">ffffff8d</color>
	<color name="yellow_a200">ffffff00</color>
	<color name="yellow_a400">ffffea00</color>
	<color name="yellow_a700">ffffd600</color>
	<color name="yellowgreen">ff9acd32</color>
	<color name="zaffre">ff0014a8</color>
	<color name="zinnwaldite brown">ff2c1608</color>
</colors>