<?xml version="1.0" encoding="utf-8"?>
<!-- Replace for TVTunes script using skin files only -->
<!-- Thanks to Kodi forum user manfeed -->
<window type="dialog" id="1160">
	<onload condition="Player.Playing">Pause</onload>
	<onload>ClearProperty(PlayingOST,home)</onload>
	<visible>Skin.HasSetting(media-theme) + !String.IsEqual(ListItem.Path,Window(home).Property(OST)) + [Container.Content(movies) | Container.Content(tvshows)] + !Window.IsActive(movieinformation)</visible>
	<controls></controls>
</window>