<?xml version="1.0" encoding="utf-8"?>
<window>
	<defaultcontrol always="true">9000</defaultcontrol>
	<onunload>ClearProperty(showinfo,addoninformation)</onunload>
	<controls>
		<include>background</include>
			<texture>background-mask-black.png</texture>
			<control type="image">
				<include>fullscreenimage</include>
				<texture>background-mask-set.png</texture>
				<aspectratio>scale</aspectratio>
				<visible>Window.IsVisible(1136)</visible>
			</control>		
		<control type="image">
			<texture colordiffuse="black">overlay_info.png</texture>
		</control>	
		<control type="group">
			<visible>!Window.isVisible(addonsettings) + !Window.IsActive(textviewer)</visible>
			<control type="image">
				<left>90</left>
				<top>175</top>
				<width>384</width>
				<height>384</height>
				<aspectratio>keep</aspectratio>
				<texture fallback="DefaultAddon.png" diffuse="diffuse/bigposter.png">$INFO[ListItem.Icon]</texture>
			</control>
			<control type="label">
				<left>570</left>
				<top>175</top>
				<width>1290</width>
				<height>45</height>
				<font>ctouch25b</font>
				<label>$INFO[ListItem.AddonName]</label>
				<include condition="Skin.HasSetting(text-autoscroll)">scrolltext</include>
			</control>
			<control type="group">
				<left>570</left>
				<top>230</top>
				<control type="label">
					<left>0</left>
					<top>0</top>
					<width>150</width>
					<height>33</height>
					<label>[B][COLOR grey]v [/COLOR][/B]$INFO[ListItem.AddonVersion]</label>
					<font>ctouch19</font>
					<include condition="Skin.HasSetting(text-autoscroll)">scrolltext</include>
				</control>
				<control type="label">
					<!-- Addon type heading -->
					<left>155</left>
					<top>0</top>
					<width>100</width>
					<height>33</height>
					<label>[B][COLOR grey]$LOCALIZE[146][/COLOR][/B]</label>
					<font>ctouch19</font>
				</control>
				<control type="label">
					<left>245</left>
					<top>0</top>
					<width>340</width>
					<height>33</height>
					<label>$INFO[ListItem.AddonType]</label>
					<font>ctouch19</font>
					<include condition="Skin.HasSetting(text-autoscroll)">scrolltext</include>
				</control>
				<control type="label">
					<!-- Author heading -->
					<left>590</left>
					<top>0</top>
					<width>100</width>
					<height>33</height>
					<label>[B][COLOR grey]$LOCALIZE[21863]:[/COLOR][/B]</label>
					<font>ctouch19</font>
				</control>
				<control type="label">
					<left>695</left>
					<top>0</top>
					<width>615</width>
					<height>33</height>
					<label>$INFO[ListItem.AddonCreator]</label>
					<font>ctouch19</font>
					<include>scrolltext</include>
				</control>
			</control>	
			<control type="textbox">
				<!-- Addon description -->
				<left>570</left>
				<top>285</top>
				<width>1250</width>
				<height>170</height>
				<label>$INFO[ListItem.AddonDescription]</label>
				<font>ctouch20</font>
				<align>justify</align>
				<pagecontrol>1123</pagecontrol>
				<visible>!String.IsEmpty(ListItem.AddonDescription)</visible>
				<include>autoscroll</include>
			</control>
			<control type="textbox">
				<!-- Addon summary (Show if no description available)-->
				<left>570</left>
				<top>275</top>
				<width>1250</width>
				<height>170</height>
				<label>$INFO[ListItem.AddonSummary]</label>
				<font>ctouch20</font>
				<align>justify</align>
				<pagecontrol>1123</pagecontrol>
				<visible>String.IsEmpty(ListItem.AddonDescription)</visible>
				<include>autoscroll</include>
			</control>
			<control type="textbox">
				<left>570</left>
				<top>475</top>
				<width>1250</width>
				<height>170</height>
				<font>ctouch19</font>
				<label>$INFO[ListItem.AddonDisclaimer]</label>
				<align>justify</align>
				<include>autoscroll</include>
			</control>
			<control type="label">
				<!-- Addon news heading -->
				<left>570</left>
				<top>685</top>
				<width>240</width>
				<height>33</height>
				<label>[B][COLOR grey]$LOCALIZE[29916]:[/COLOR][/B]</label>
				<font>ctouch19</font>
				<visible>String.Contains(Window.Property(showinfo),news)</visible>
			</control>
			<control type="textbox">
				<left>570</left>
				<top>745</top>
				<width>1250</width>
				<height>170</height>
				<font>ctouch19</font>
				<label>$INFO[ListItem.AddonNews]</label>
				<visible>String.Contains(Window.Property(showinfo),news)</visible>
				<include>autoscroll</include>
			</control>
			<control type="grouplist" id="9000">
				<!-- Option buttons -->
				<left>130</left>
				<top>630</top>
				<width>350</width>
				<height>400</height>
				<orientation>vertical</orientation>
				<itemgap>18</itemgap>
				<align>center</align>
				<onup>8000</onup>
				<onright>50</onright>
				<control type="button" id="12">
					<!-- Launch Addon Button -->
					<width>300</width>
					<height>65</height>
					<align>center</align>
					<font>ctouch20</font>
					<texturefocus>button-default-focus_back.png</texturefocus>
					<texturenofocus/>
					<colordiffuse>$VAR[AccentColor]</colordiffuse>
					<label>$LOCALIZE[518]</label>
					<onleft>Dialog.Close(DialogaddonInfo)</onleft>
					<onup>Control.SetFocus(80001,$INFO[Container(9000).Position])</onup>
					<visible>Control.IsEnabled(12)</visible>
				</control>				
				<control type="button" id="6">
					<!-- Install/uninstall addon button -->
					<width>300</width>
					<height>65</height>
					<align>center</align>
					<font>ctouch20</font>
					<texturefocus>button-default-focus_back.png</texturefocus>
					<texturenofocus/>
					<colordiffuse>$VAR[AccentColor]</colordiffuse>
					<label>$LOCALIZE[24022]</label>
					<onup>Control.SetFocus(80001,$INFO[Container(9000).Position])</onup>
					<visible>Control.IsEnabled(6)</visible>
				</control>
				<control type="button" id="7">
					<!-- Disable/enable addon button -->
					<width>300</width>
					<height>65</height>
					<align>center</align>
					<font>ctouch20</font>
					<texturefocus>button-default-focus_back.png</texturefocus>
					<texturenofocus/>
					<colordiffuse>$VAR[AccentColor]</colordiffuse>
					<label>$LOCALIZE[24021]</label>
					<onup>Control.SetFocus(80001,$INFO[Container(9000).Position])</onup>
					<visible>Control.IsEnabled(7)</visible>
				</control>
				<control type="togglebutton" id="800">
					<!-- news/info toggle -->
					<width>300</width>
					<height>65</height>
					<align>center</align>
					<font>ctouch20</font>
					<texturefocus>button-default-focus_back.png</texturefocus>
					<texturenofocus/>
					<colordiffuse>$VAR[AccentColor]</colordiffuse>
					<label>$LOCALIZE[29916]</label>
					<altlabel>$LOCALIZE[29915]</altlabel>
					<usealttexture>String.Contains(Window.Property(showinfo),news)</usealttexture>
					<altexturefocus>button-default-focus_back.png</altexturefocus>
					<alttexturenofocus/>
					<onclick condition="!String.Contains(Window.Property(showinfo),news)">SetProperty(showinfo,news)</onclick>
					<onclick condition="String.Contains(Window.Property(showinfo),news)">ClearProperty(showinfo)</onclick>
					<onup>Control.SetFocus(80001,$INFO[Container(9000).Position])</onup>
					<visible>!String.IsEmpty(ListItem.AddonNews)</visible>
				</control>				
				<control type="button" id="8">
					<!-- Update addon button -->
					<width>300</width>
					<height>65</height>
					<align>center</align>
					<font>ctouch20</font>
					<texturefocus>button-default-focus_back.png</texturefocus>
					<texturenofocus/>
					<colordiffuse>$VAR[AccentColor]</colordiffuse>
					<label>$LOCALIZE[24069]</label>
					<onup>Control.SetFocus(80001,$INFO[Container(9000).Position])</onup>
					<visible>Control.IsEnabled(8)</visible>
				</control>
				<control type="button" id="14">
					<!-- Addon version button -->
					<width>300</width>
					<height>65</height>
					<align>center</align>
					<font>ctouch20</font>
					<texturefocus>button-default-focus_back.png</texturefocus>
					<texturenofocus/>
					<colordiffuse>$VAR[AccentColor]</colordiffuse>
					<label>$LOCALIZE[24069]</label>
					<onup>Control.SetFocus(80001,$INFO[Container(9000).Position])</onup>
					<visible>Control.IsEnabled(14)</visible>
				</control>
				<control type="button" id="9">
					<!-- Config button -->
					<width>300</width>
					<height>65</height>
					<align>center</align>
					<font>ctouch20</font>
					<texturefocus>button-default-focus_back.png</texturefocus>
					<texturenofocus/>
					<colordiffuse>$VAR[AccentColor]</colordiffuse>
					<label>$LOCALIZE[24020]</label>
					<onup>Control.SetFocus(80001,$INFO[Container(9000).Position])</onup>
					<visible>Control.IsEnabled(9)</visible>
				</control>
				<control type="radiobutton" id="13">
					<!-- Enable/disable auto updates -->
					<width>300</width>
					<height>65</height>
					<align>center</align>
					<font>ctouch19</font>
					<texturefocus colordiffuse="$VAR[AccentColor]">button-default-focus_back.png</texturefocus>
					<texturenofocus/>
					<include>settings-submenu-common</include>
					<label>$LOCALIZE[21340]</label>
					<onup>Control.SetFocus(80001,$INFO[Container(9000).Position])</onup>
					<radioposx>262</radioposx>
					<radiowidth>35</radiowidth>
					<radioheight>35</radioheight>
					<visible>Control.IsEnabled(13)</visible>
				</control>
				<control type="button" id="10">
					<!-- Show dependencies -->
					<width>300</width>
					<height>65</height>
					<align>center</align>
					<font>ctouch20</font>
					<texturefocus>button-default-focus_back.png</texturefocus>
					<texturenofocus/>
					<colordiffuse>$VAR[AccentColor]</colordiffuse>
					<label>$LOCALIZE[39024]</label>
					<onup>Control.SetFocus(80001,$INFO[Container(9000).Position])</onup>
					<visible>Control.IsEnabled(10)</visible>
				</control>
			</control>
			<control type="list" id="50">
				<!-- Screenshots -->
				<left>540</left>
				<top>816</top>
				<width>1300</width>
				<height>210</height>
				<onleft>9000</onleft>
				<ondown>9000</ondown>
				<onup>8000</onup>
				<viewtype label="31028">list</viewtype>
				<orientation>horizontal</orientation>
				<itemlayout height="210" width="438">
					<control type="image">
						<left>32</left>
						<top>15</top>
						<width>375</width>
						<height>210</height>
						<aspectratio>keep</aspectratio>
						<texture colordiffuse="UnFocusedPosters" background="true">$INFO[ListItem.Icon]</texture>
					</control>
				</itemlayout>
				<focusedlayout height="210" width="438">
					<control type="image">
						<left>32</left>
						<top>15</top>
						<width>375</width>
						<height>210</height>
						<aspectratio>keep</aspectratio>
						<texture background="true">$INFO[ListItem.Icon]</texture>
						<animation effect="zoom" start="100" end="116" center="auto" time="200" tween="back" easing="out" reversible="false">focus</animation>
					</control>
				</focusedlayout>
			</control>
			<control type="group">
				<!-- Markers for control area items -->
				<visible>Control.IsVisible(50)</visible>
				<include content="page-offscreen-horizontal">
					<param name="indicator1left" value="500"/>
					<param name="indicator1top" value="924"/>
					<param name="indicator2left" value="1866"/>
					<param name="indicator2top" value="924"/>
					<param name="indicatorsize" value="24"/>
					<param name="indicatorcontainer" value="50"/>
				</include>
			</control>
			<control type="group">
				<!-- Markers for control area items -->
				<visible>Control.IsVisible(9000)</visible>
				<include content="page-offscreen-vertical">
					<param name="indicator1left" value="270"/>
					<param name="indicator1top" value="600"/>
					<param name="indicator2left" value="270"/>
					<param name="indicator2top" value="1040"/>
					<param name="indicatorsize" value="24"/>
					<param name="indicatorcontainer" value="9000"/>
				</include>
			</control>

			<!-- Play bump sound if user tries to leave button bar by undefined direction -->
			<include content="illegal-action">
				<param name="controlid" value="1005" />
				<param name="returnid" value="9000" />
			</include>

			<!-- Play bump sound if user tries to leave screenshots widget by undefined direction -->
			<include content="illegal-action">
				<param name="controlid" value="1010" />
				<param name="returnid" value="50" />
			</include>

			<!-- Play bump sound if user tries to leave recent updates widget by undefined direction -->
		</control>		
		<include>hora</include>	
		<include>touch-controls</include>
	</controls>
</window>