<?xml version="1.0" encoding="utf-8"?>
<window>
	<defaultcontrol>5</defaultcontrol>
	<controls>
		<include>background</include>
		<control type="list" id="5">
			<left>795</left>
			<top>168</top>
			<width>1062</width>
			<height>750</height>
			<onright condition="String.IsEqual(Skin.String(show-scrollbar),$LOCALIZE[31877])">noop</onright>
			<onright condition="!String.IsEqual(Skin.String(show-scrollbar),$LOCALIZE[31877])">23</onright>
			<onup>5</onup>
			<ondown>5</ondown>
			<pagecontrol>23</pagecontrol>
			<itemlayout height="69">
				<control type="image">
					<left>0</left>
					<top>0</top>
					<width>1062</width>
					<height>69</height>
					<texture border="9" colordiffuse="midgrey">button-default.png</texture>
				</control>
				<control type="label">
					<left>24</left>
					<top>-6</top>
					<width>384</width>
					<height>69</height>
					<font>ctouch22</font>
					<label>$INFO[ListItem.Label]</label>
				</control>
				<control type="label">
					<left>417</left>
					<top>-6</top>
					<width>621</width>
					<height>69</height>
					<font>ctouch22</font>
					<label>$INFO[ListItem.Label2]</label>
				</control>
			</itemlayout>
			<focusedlayout height="69">
				<control type="image">
					<left>0</left>
					<top>0</top>
					<width>1062</width>
					<height>69</height>
					<texture border="9">button-default-focus.png</texture>
				</control>
				<control type="label">
					<left>24</left>
					<top>-6</top>
					<width>384</width>
					<height>69</height>
					<font>ctouch22</font>
					<label>$INFO[ListItem.Label]</label>
				</control>
				<control type="label">
					<left>417</left>
					<top>-6</top>
					<width>621</width>
					<height>69</height>
					<font>ctouch22</font>
					<label>$INFO[ListItem.Label2]</label>
				</control>
			</focusedlayout>
		</control>
		<control type="image">
			<left>66</left>
			<top>309</top>
			<width>716</width>
			<height>506</height>
			<texture background="true">$INFO[ListItem.Icon]</texture>
			<aspectratio>keep</aspectratio>
			<bordertexture border="9">picturepanel.png</bordertexture>
			<bordersize>9</bordersize>
			<visible>!String.IsEmpty(ListItem.Art(thumb))</visible>
		</control>
		<control type="scrollbar" id="23">
			<left>1875</left>
			<top>172</top>
			<width>18</width>
			<height>750</height>
			<onleft>5</onleft>
			<animation condition="!Control.HasFocus(23) + !Container.Scrolling + !String.IsEqual(Skin.String(show-scrollbar),$LOCALIZE[31875])" effect="fade" start="100" end="0" time="200" reversible="true">Conditional</animation>
			<visible>$EXP[isEnabledScrollbar]</visible>
		</control>
	</controls>
</window>