<?xml version="1.0" encoding="utf-8"?>
<window>
	<defaultcontrol always="true">50</defaultcontrol>
	<onload>ClearProperty(ShowScreenSettings,home)</onload>
	<onunload>ClearProperty(ShowScreenSettings,home)</onunload>
	<onunload>ClearProperty(Focus)</onunload>
	<menucontrol>9000</menucontrol>
	<include>window-openclose</include>
	<controls>
		<include>background</include>
		<control type="label">
			<!-- Playlist editor title -->
			<left>1419</left>
			<top>75</top>
			<width>465</width>
			<height>48</height>
			<label>$LOCALIZE[31227]</label>
			<font>ctouch30</font>
		</control>
		<control type="image">
			<left>519</left>
			<top>578</top>
			<width>878</width>
			<height>6</height>
			<texture>separator.png</texture>
			<colordiffuse>ProgressBarColor</colordiffuse>
			<animation effect="rotate" center="auto" end="-90" condition="true">Conditional</animation>
		</control>
		<control type="image">
			<left>0</left>
			<top>135</top>
			<width>100%</width>
			<height>6</height>
			<texture>separator.png</texture>
			<colordiffuse>ProgressBarColor</colordiffuse>
		</control>
		<control type="image">
			<left>0</left>
			<top>195</top>
			<width>100%</width>
			<height>6</height>
			<texture>separator.png</texture>
			<colordiffuse>ProgressBarColor</colordiffuse>
		</control>
		<control type="image">
			<left>0</left>
			<top>1016</top>
			<width>100%</width>
			<height>6</height>
			<texture>separator.png</texture>
			<colordiffuse>ProgressBarColor</colordiffuse>
		</control>
		<!-- Markers for off screen menu items -->
		<include content="page-offscreen-vertical">
			<param name="indicator1left" value="468"/>
			<param name="indicator1top" value="208"/>
			<param name="indicator2left" value="468"/>
			<param name="indicator2top" value="984"/>
			<param name="indicatorsize" value="24"/>
			<param name="indicatorcontainer" value="50"/>
		</include>
		<control type="list" id="50">
			<left>30</left>
			<top>235</top>
			<width>900</width>
			<height>748</height>
			<onleft>9000</onleft>
			<onright>100</onright>
			<onup>50</onup>
			<ondown>50</ondown>
			<onfocus>SetProperty(Focus,left)</onfocus>
			<itemlayout width="900" height="68">
				<control type="label">
					<left>10</left>
					<top>16</top>
					<width>740</width>
					<height>36</height>
					<font>ctouch20</font>
					<selectedcolor>listselected-text</selectedcolor>
					<include condition="Skin.HasSetting(text-autoscroll)">scrolltext</include>
					<label>$INFO[ListItem.Label]</label>
				</control>
				<control type="label">
					<left>752</left>
					<top>16</top>
					<width>142</width>
					<height>36</height>
					<font>ctouch18</font>
					<align>right</align>
					<selectedcolor>listselected-text</selectedcolor>
					<label>$INFO[ListItem.Label2]</label>
				</control>
			</itemlayout>
			<focusedlayout width="900" height="68">
				<control type="image">
					<left>0</left>
					<top>0</top>
					<width>900</width>
					<height>68</height>
					<texture border="9">button-default-focus.png</texture>
					<visible>Control.HasFocus(50)</visible>
				</control>
				<control type="label">
					<left>10</left>
					<top>16</top>
					<width>740</width>
					<height>36</height>
					<font>ctouch20</font>
					<selectedcolor>listselected-text</selectedcolor>
					<include condition="Skin.HasSetting(text-autoscroll)">scrolltext</include>
					<label>$INFO[ListItem.Label]</label>
				</control>
				<control type="label">
					<left>752</left>
					<top>16</top>
					<width>142</width>
					<height>36</height>
					<font>ctouch18</font>
					<align>right</align>
					<selectedcolor>listselected-text</selectedcolor>
					<label>$INFO[ListItem.Label2]</label>
				</control>
			</focusedlayout>
		</control>
		<!-- Markers for off screen menu items -->
		<include content="page-offscreen-vertical">
			<param name="indicator1left" value="1428"/>
			<param name="indicator1top" value="208"/>
			<param name="indicator2left" value="1428"/>
			<param name="indicator2top" value="984"/>
			<param name="indicatorsize" value="24"/>
			<param name="indicatorcontainer" value="100"/>
		</include>
		<control type="list" id="100">
			<left>990</left>
			<top>235</top>
			<width>900</width>
			<height>748</height>
			<onleft>50</onleft>
			<onright>9000</onright>
			<onup>100</onup>
			<ondown>100</ondown>
			<onfocus>SetProperty(Focus,right)</onfocus>
			<itemlayout width="900" height="68">
				<control type="label">
					<left>10</left>
					<top>16</top>
					<width>740</width>
					<height>36</height>
					<font>ctouch20</font>
					<selectedcolor>listselected-text</selectedcolor>
					<label>$INFO[ListItem.Label]</label>
				</control>
				<control type="label">
					<left>752</left>
					<top>16</top>
					<width>142</width>
					<height>36</height>
					<font>ctouch18</font>
					<align>right</align>
					<selectedcolor>listselected-text</selectedcolor>
					<label>$INFO[ListItem.Label2]</label>
				</control>
			</itemlayout>
			<focusedlayout width="900" height="68">
				<control type="image">
					<left>0</left>
					<top>0</top>
					<width>900</width>
					<height>68</height>
					<texture border="9">button-default-focus.png</texture>
					<visible>Control.HasFocus(100)</visible>
				</control>
				<control type="label">
					<left>10</left>
					<top>16</top>
					<width>740</width>
					<height>36</height>
					<font>ctouch20</font>
					<selectedcolor>listselected-text</selectedcolor>
					<include condition="Skin.HasSetting(text-autoscroll)">scrolltext</include>
					<label>$INFO[ListItem.Label]</label>
				</control>
				<control type="label">
					<left>752</left>
					<top>16</top>
					<width>142</width>
					<height>36</height>
					<font>ctouch18</font>
					<align>right</align>
					<selectedcolor>listselected-text</selectedcolor>
					<label>$INFO[ListItem.Label2]</label>
				</control>
			</focusedlayout>
		</control>
		<control type="label">
			<!-- Music label -->
			<left>40</left>
			<top>150</top>
			<width>900</width>
			<height>36</height>
			<font>ctouch23</font>
			<label>$LOCALIZE[31030] $INFO[Container(50).NumItems,(,)]</label>
		</control>
		<control type="label">
			<!-- Playlist label -->
			<left>1000</left>
			<top>150</top>
			<width>900</width>
			<height>36</height>
			<font>ctouch23</font>
			<label>$LOCALIZE[31659] $INFO[Container(100).NumItems,(,)]</label>
		</control>
		<include>touch-controlsl</include>
		<include>touch-controls</include>
		<include>hora</include>		
		<control type="group">
			<!-- Screen Settings Menu -->
			<left>0</left>
			<top>1080</top>
			<include>screen-settings</include>
			<include>fadebackground</include>
			<control type="image">
				<!-- Button background -->
				<left>690</left>
				<top>262</top>
				<width>597</width>
				<height>350</height>
				<texture border="14">button-menu-background.png</texture>
			</control>
			<control type="label">
				<!-- Dialog heading -->
				<left>716</left>
				<top>272</top>
				<width>543</width>
				<height>51</height>
				<font>ctouch23</font>
				<label>$LOCALIZE[31557]$INFO[Container(9000).NumItems, (,)]</label>
				<align>center</align>
			</control>
			<control type="button">
				<!-- Touch Close button -->
				<left>1258</left>
				<top>246</top>
				<width>48</width>
				<height>48</height>
				<texturefocus>touch-close.png</texturefocus>
				<texturenofocus>touch-close.png</texturenofocus>
				<onclick condition="!String.IsEqual(Window(home).Property(ShowScreenSettings),show)">SetProperty(ShowScreenSettings,show,home)</onclick>
				<onclick condition="String.IsEqual(Window(home).Property(ShowScreenSettings),show)">ClearProperty(ShowScreenSettings,home)</onclick>
			</control>
			<control type="image">
				<left>716</left>
				<top>326</top>
				<width>543</width>
				<height>6</height>
				<texture>separator.png</texture>
			</control>
			<control type="grouplist" id="9000">
				<defaultcontrol>6</defaultcontrol>
				<left>716</left>
				<top>339</top>
				<width>543</width>
				<height>255</height>
				<itemgap>0</itemgap>
				<onright condition="String.IsEqual(Window(musicplaylisteditor).Property(Focus),left)">50</onright>
				<onright condition="String.IsEqual(Window(musicplaylisteditor).Property(Focus),right)">100</onright>
				<onright>ClearProperty(ShowScreenSettings,home)</onright>
				<onleft condition="String.IsEqual(Window(musicplaylisteditor).Property(Focus),left)">50</onleft>
				<onleft condition="String.IsEqual(Window(musicplaylisteditor).Property(Focus),right)">100</onleft>
				<onleft>ClearProperty(ShowScreenSettings,home)</onleft>
				<control type="button" id="6">
					<!-- Open button -->
					<width>543</width>
					<height>84</height>
					<label>$LOCALIZE[502]</label>
					<font>ctouch23</font>
				</control>
				<control type="button" id="7">
					<!-- Save button -->
					<width>543</width>
					<height>84</height>
					<label>$LOCALIZE[190]</label>
					<font>ctouch23</font>
				</control>
				<control type="button" id="8">
					<!-- Clear button -->
					<width>543</width>
					<height>84</height>
					<label>$LOCALIZE[192]</label>
					<font>ctouch23</font>
				</control>
			</control>
		</control>
		<!-- Show a iOS style page indicator to show which focus group has the current focus -->
		<!-- Focus group can be hidden or shown but is potentially focusable, that is it has not be disabled -->
		<control type="group">
			<include content="page-indicator">
				<param name="indicatorleft" value="864" />
				<param name="indicatortop" value="0" />
				<param name="indicatorwidth" value="192" />
				<param name="indicatorheight" value="48" />
				<param name="indicatororientation" value="horizontal" />
				<param name="grp1indicate" value="[ControlGroup(9000).HasFocus()+String.IsEqual(Window(musicplaylisteditor).Property(Focus),left)]" />
				<param name="grp1visible" value="[!Skin.HasSetting(lock-screensettings)]" />
				<param name="grp2indicate" value="[Control.HasFocus(50)]" />
				<param name="grp2visible" value="[Control.IsVisible(50)]" />
				<param name="grp3indicate" value="[Control.HasFocus(100)]" />
				<param name="grp3visible" value="[Control.IsVisible(100)]" />
				<param name="grp4indicate" value="[ControlGroup(9000).HasFocus()+String.IsEqual(Window(musicplaylisteditor).Property(Focus),right)]" />
				<param name="grp4visible" value="[!Skin.HasSetting(lock-screensettings)]" />
			</include>
		</control>
	</controls>
</window>