<?xml version="1.0" encoding="utf-8"?>
<window>
	<defaultcontrol always="true">50</defaultcontrol>
	<menucontrol>9000</menucontrol>
	<views>50,52</views>
	<controls>
		<include>background</include>
		<include>playerplay</include>
		<control type="group">
			<!-- Various Views of Addons library -->
			<include file="View-General.xml">ListView</include>
			<include file="View-General.xml">IconView</include>
		</control>
		<control type="group">
			<control type="image">
				<include>fullscreenimage</include>
				<texture>background-mask-set.png</texture>
				<aspectratio>scale</aspectratio>
				<visible>Window.IsVisible(1136)</visible>
			</control>		
			<include>touch-controls</include>
			<include>hora</include>	
		</control>
		<control type="group">
			<!-- Screen Settings Menu -->
			<top>1080</top>
			<include>screen-settings</include>
			<include>maskfadebackground</include>
			<control type="button">
				<!-- Touch mouse close button -->
				<right>15</right>
				<top>990</top>
				<width>180</width>
				<height>75</height>
				<texturefocus colordiffuse="$VAR[AccentColor]">backtransparent.png</texturefocus>
				<texturenofocus colordiffuse="midgrey">backtransparent.png</texturenofocus>
				<onclick>Dialog.Close(contextmenu)</onclick>
				<align>center</align>
				<aligny>center</aligny>
				<label>Cerrar</label>
				<font>ctouch19</font>
			</control>
			<control type="image">
				<include>fullscreenimage</include>
				<texture colordiffuse="mask-background">background-mask.png</texture>
				<aspectratio>scale</aspectratio>
			</control>
			<control type="grouplist" id="9000">
				<defaultcontrol>2</defaultcontrol>
				<left>675</left>
				<top>265</top>
				<width>564</width>
				<height>435</height>
				<onright>ClearProperty(ShowScreenSettings,home)</onright>
				<onright>50</onright>
				<onleft>ClearProperty(ShowScreenSettings,home)</onleft>
				<onleft>50</onleft>
				<align>center</align>
				<control type="button" id="2">
					<!-- View type -->
					<width>564</width>
					<height>69</height>
					<font>ctouch22</font>
					<label>$LOCALIZE[100]</label>
					<textoffsetx>15</textoffsetx>
					<texturenofocus/>
				</control>
<!--
<!--				<control type="radiobutton" id="1198">
					<!-- Tilt icon list view -->
<!--					<width>564</width>
					<height>69</height>
					<label>Inclinar iconos</label>
					<font>ctouch22</font>
					<onclick>Skin.ToggleSetting(tiltmisclisticon)</onclick>
					<selected>Skin.HasSetting(tiltmisclisticon)</selected>
					<textoffsetx>15</textoffsetx>
					<radioposx>495</radioposx>
					<visible>String.EndsWith(Control.GetLabel(2),$LOCALIZE[31941])</visible>
					<texturenofocus/>
				</control>
-->
				<control type="radiobutton" id="1197">
					<!-- Tilt icon wall view -->
					<width>564</width>
					<height>69</height>
					<label>$LOCALIZE[31886]</label>
					<font>ctouch22</font>
					<onclick>Skin.ToggleSetting(tiltmiscwallicon)</onclick>
					<selected>Skin.HasSetting(tiltmiscwallicon)</selected>
					<textoffsetx>15</textoffsetx>
					<radioposx>495</radioposx>
					<visible>String.EndsWith(Control.GetLabel(2),$LOCALIZE[31944])</visible>
					<texturenofocus/>
				</control>
				<control type="button" id="3">
					<!-- Sort by -->
					<width>564</width>
					<height>69</height>
					<font>ctouch22</font>
					<label>$LOCALIZE[103]</label>
					<textoffsetx>15</textoffsetx>
					<texturenofocus/>
				</control>
				<control type="togglebutton" id="4">
					<!-- Sort direction -->
					<width>564</width>
					<height>69</height>
					<label>$LOCALIZE[21429]: $LOCALIZE[21430]</label>
					<altlabel>$LOCALIZE[21429]: $LOCALIZE[21431]</altlabel>
					<font>ctouch22</font>
					<textoffsetx>15</textoffsetx>
					<texturenofocus/>
				</control>
				<control type="edit" id="19">
					<!-- Filter -->
					<width>564</width>
					<height>69</height>
					<font>ctouch22</font>
					<label>$LOCALIZE[587]</label>
					<disabledcolor>disabled-text</disabledcolor>
					<textwidth>510</textwidth>
					<textoffsetx>15</textoffsetx>
					<texturenofocus/>
				</control>
				<control type="button" id="1200">
					<!-- Player controls -->
					<width>564</width>
					<height>69</height>
					<font>ctouch22</font>
					<textoffsetx>15</textoffsetx>
					<label>$LOCALIZE[16003] $LOCALIZE[478]</label>
					<onclick>SetFocus(50)</onclick>
					<onclick condition="String.IsEqual(Window(home).Property(ShowScreenSettings),show)">ClearProperty(ShowScreenSettings,home)</onclick>
					<onclick>ActivateWindow(playercontrols)</onclick>
					<visible>Player.HasAudio | Player.HasVideo</visible>
					<texturenofocus/>
				</control>
			</control>
		</control>
		<!-- Show a iOS style page indicator to show which focus group has the current focus -->
		<!-- Focus group can be hidden or shown but is potentially focusable, that is it has not be disabled -->
		<control type="group">
			<visible>Control.IsVisible(50) | Control.IsVisible(52) | Control.IsVisible(58)</visible>
			<include content="page-indicator">
				<param name="indicatorleft" value="864" />
				<param name="indicatortop" value="0" />
				<param name="indicatorwidth" value="192" />
				<param name="indicatorheight" value="48" />
				<param name="indicatororientation" value="horizontal" />
				<param name="grp1indicate" value="[ControlGroup(9000).HasFocus()|String.IsEqual(Window(home).Property(ShowScreenSettings),show)]" />
				<param name="grp1visible" value="[!Skin.HasSetting(lock-screensettings)]" />
				<param name="grp2indicate" value="[Control.HasFocus(50)|Control.HasFocus(52)|Control.HasFocus(58)]" />
				<param name="grp2visible" value="[Control.IsVisible(50)|Control.IsVisible(52)|Control.IsVisible(58)]+[!Skin.HasSetting(lock-screensettings)|!String.IsEqual(Skin.String(show-scrollbar),$LOCALIZE[31877])]" />
				<param name="grp3indicate" value="[Control.HasFocus(1250)|Control.HasFocus(1252)|Control.HasFocus(1253)|Control.HasFocus(1258)]" />
				<param name="grp3visible" value="[!String.IsEqual(Skin.String(show-scrollbar),$LOCALIZE[31877])]" />
			</include>
		</control>
		<control type="group">
			<visible>Control.IsVisible(54) | Control.IsVisible(57)</visible>
			<include content="page-indicator">
				<param name="indicatorleft" value="0" />
				<param name="indicatortop" value="225" />
				<param name="indicatorwidth" value="48" />
				<param name="indicatorheight" value="192" />
				<param name="indicatororientation" value="vertical" />
				<param name="grp1indicate" value="[ControlGroup(9000).HasFocus()|String.IsEqual(Window(home).Property(ShowScreenSettings),show)]" />
				<param name="grp1visible" value="[!Skin.HasSetting(lock-screensettings)]" />
				<param name="grp2indicate" value="[Control.HasFocus(54)|Control.HasFocus(57)]" />
				<param name="grp2visible" value="[Control.IsVisible(54)|Control.IsVisible(57)]+[!Skin.HasSetting(lock-screensettings)|!String.IsEqual(Skin.String(show-scrollbar),$LOCALIZE[31877])]" />
				<param name="grp3indicate" value="[Control.HasFocus(1254)|Control.HasFocus(1257)]" />
				<param name="grp3visible" value="[!String.IsEqual(Skin.String(show-scrollbar),$LOCALIZE[31877])]" />
			</include>
		</control>
	</controls>
</window>