﻿<?xml version="1.0" encoding="UTF-8"?>
<window>
	<defaultcontrol>100</defaultcontrol>
	<onload>SetProperty(onnext,SetFocus(100))</onload>
	<onload>SetProperty(onback_10052,SetFocus(100))</onload>
	<onload>SetProperty(onback_10053,SetFocus(100))</onload>
	<onload>SetProperty(onback_10054,SetFocus(100))</onload>
	<onload>SetProperty(onback_10055,SetFocus(100))</onload>
	<onload>SetProperty(onback_10056,SetFocus(100))</onload>
	<onload>SetProperty(onback_10057,SetFocus(100))</onload>
	<onload>SetProperty(onback_10058,SetFocus(100))</onload>
	<onload>SetProperty(onback_10059,SetFocus(100))</onload>
	<controls>
		<!-- Storage container for the item details -->
		<control type="list" id="10051">
			<top>-3000</top>
			<left>-3000</left>
			<width>1</width>
			<height>1</height>
			<itemlayout/>
			<focusedlayout/>
		</control>
		<!-- background -->
		<control type="group">
			<animation effect="fade" time="400">VisibleChange</animation>
			<control type="group">
				<control type="image">
					<width>1920</width>
					<height>1080</height>
					<aspectratio>scale</aspectratio>
					<texture>background-iconhome.jpg</texture>
				</control>
			</control>
			<include>background</include>
		</control>
		<control type="image">
			<include>fullscreenimage</include>
			<texture>background-mask-set.png</texture>
			<aspectratio>scale</aspectratio>
			<visible>Window.IsVisible(1136)</visible>
		</control>		
		<!-- infos -->
		<control type="grouplist" id="50">
			<animation type="WindowOpen">
				<effect type="fade" start="0" end="100" time="300" tween="sine" easing="out" />
				<effect type="slide" start="320" end="0" time="400" tween="cubic" easing="out" />
			</animation>
			<animation type="WindowCLose" condition="String.IsEmpty(Window(home).Property(script.embuary.info-nextcall))">
				<effect type="fade" start="100" end="0" time="300" tween="sine" easing="out" />
				<effect type="slide" start="0" end="320" time="300" tween="cubic" easing="out" />
			</animation>
			<animation type="WindowCLose" condition="!String.IsEmpty(Window(home).Property(script.embuary.info-nextcall))">
				<effect type="fade" start="100" end="0" time="0" tween="sine" easing="out" />
			</animation>

			<width>1920</width>
			<height>1080</height>
			<orientation>vertical</orientation>
			<scrolltime tween="cubic" easing="out">500</scrolltime>
			<itemgap>-210</itemgap>
			<usecontrolcoords>true</usecontrolcoords>
			<!-- Meta -->
			<control type="group">
				<top>110</top>
				<height>900</height>
				<!-- poster -->
				<control type="group">
					<left>80</left>
					<width>500</width>
					<height>750</height>
					<control type="image">
						<top>-5</top>
						<left>-5</left>
						<width>530</width>
						<height>780</height>
						<texture background="true">diffuse/bigposter_shadow.png</texture>
						<aspectratio scalediffuse="false">stretch</aspectratio>
					</control>
					<control type="image">
						<top>5</top>
						<left>5</left>
						<width>500</width>
						<height>750</height>
						<texture fallback="DefaultVideo.png" background="true" diffuse="diffuse/bigposter.png">$INFO[Container(10051).ListItem.Art(thumb)]</texture>
						<aspectratio>scale</aspectratio>
					</control>
				</control>
				<!-- meta -->
				<control type="group">
					<left>650</left>
					<right>103</right>
					<!-- plot -->
					<control type="textbox">
						<top>20</top>
						<left>15</left>
						<right>375</right>
						<height max="580">auto</height>
						<aligny>top</aligny>
						<label fallback="19055">$INFO[Container(10051).ListItem.Property(biography)]</label>
						<font>ctouch20</font>
						<textcolor>ffffffff</textcolor>
						<shadowcolor>50000000</shadowcolor>
						<autoscroll delay="6000" time="3000" repeat="10000">true</autoscroll>
					</control>
					<!-- facts -->
					<control type="grouplist">
						<top>20</top>
						<width>320</width>
						<right>10</right>
						<height>640</height>
						<itemgap>5</itemgap>
						<orientation>vertical</orientation>
						<aligny>top</aligny>
						<control type="label">
							<label>[COLOR FF12A0C7]$LOCALIZE[39025]:[/COLOR][CR]$INFO[Container(10051).ListItem.Property(Gender)]</label>
							<height>80</height>
							<font>ctouch19</font>
							<textcolor>ffffffff</textcolor>
							<shadowcolor>50000000</shadowcolor>
							<scroll>false</scroll>
							<align>left</align>
							<aligny>top</aligny>
							<visible>!String.IsEmpty(Container(10051).ListItem.Property(Gender))</visible>
						</control>
						<control type="label">
							<label>[COLOR FF12A0C7]$ADDON[script.embuary.info 32017]:[/COLOR][CR]$INFO[Container(10051).ListItem.Property(Known_For_Department)]</label>
							<height>80</height>
							<font>ctouch19</font>
							<textcolor>ffffffff</textcolor>
							<shadowcolor>50000000</shadowcolor>
							<scroll>false</scroll>
							<align>left</align>
							<aligny>top</aligny>
							<visible>!String.IsEmpty(Container(10051).ListItem.Property(Known_For_Department))</visible>
						</control>
						<control type="label">
							<label>[COLOR FF12A0C7]$ADDON[script.embuary.info 32006]:[/COLOR][CR]$INFO[Container(10051).ListItem.Property(age)]</label>
							<height>80</height>
							<font>ctouch19</font>
							<textcolor>ffffffff</textcolor>
							<shadowcolor>50000000</shadowcolor>
							<scroll>false</scroll>
							<align>left</align>
							<aligny>top</aligny>
							<visible>!String.IsEmpty(Container(10051).ListItem.Property(age))</visible>
						</control>
						<control type="label">
							<label>[COLOR FF12A0C7]$LOCALIZE[21893]:[/COLOR][CR]$INFO[Container(10051).ListItem.Property(birthday)]</label>
							<height>80</height>
							<font>ctouch19</font>
							<textcolor>ffffffff</textcolor>
							<shadowcolor>50000000</shadowcolor>
							<scroll>false</scroll>
							<align>left</align>
							<aligny>top</aligny>
							<visible>!String.IsEmpty(Container(10051).ListItem.Property(birthday))</visible>
						</control>
						<control type="label">
							<label>[COLOR FF12A0C7]$LOCALIZE[21897]:[/COLOR][CR]$INFO[Container(10051).ListItem.Property(deathday)]</label>
							<height>80</height>
							<font>ctouch19</font>
							<textcolor>ffffffff</textcolor>
							<shadowcolor>50000000</shadowcolor>
							<scroll>false</scroll>
							<align>left</align>
							<aligny>top</aligny>
							<visible>!String.IsEmpty(Container(10051).ListItem.Property(deathday))</visible>
						</control>
						<control type="label">
							<label>[COLOR FF12A0C7]$ADDON[script.embuary.info 32007]:[/COLOR][CR]$INFO[Container(10051).ListItem.Property(Place_Of_Birth)]</label>
							<height>auto</height>
							<font>ctouch19</font>
							<textcolor>ffffffff</textcolor>
							<shadowcolor>50000000</shadowcolor>
							<wrapmultiline>true</wrapmultiline>
							<scroll>false</scroll>
							<align>left</align>
							<aligny>top</aligny>
							<visible>!String.IsEmpty(Container(10051).ListItem.Property(Place_Of_Birth))</visible>
						</control>
					</control>
					<!-- buttons -->
					<control type="panel" id="100">
						<left>-21</left>
						<top>680</top>
						<height>60</height>
						<width>100%</width>
						<orientation>horizontal</orientation>
						<defaultcontrol always="true">0</defaultcontrol>
						<onright>noop</onright>
						<onleft>noop</onleft>
						<ondown>10052</ondown>
						<itemlayout height="60" width="260">
							<control type="group">
								<control type="image">
									<width>240</width>
									<height>60</height>
								<texture border="9">button-default.png</texture>
								</control>
								<control type="label">
									<left>0</left>
									<top>0</top>
									<width>240</width>
									<height>60</height>
									<align>center</align>
									<aligny>center</aligny>
									<font>ctouch19</font>
									<textcolor>ffffffff</textcolor>
									<shadowcolor>50000000</shadowcolor>
									<label>$INFO[ListItem.Label]</label>
								</control>
							</control>
						</itemlayout>
						<focusedlayout height="60" width="260">
							<control type="group">
								<control type="image">
									<width>240</width>
									<height>60</height>
									<texture border="9" colordiffuse="$VAR[AccentColor]">button-default-white.png</texture>
									<visible>Control.HasFocus(100)</visible>
								</control>
								<control type="image">
									<width>240</width>
									<height>60</height>
									<texture border="9" colordiffuse="$VAR[AccentColor]">button-default-white.png</texture>
									<visible>!Control.HasFocus(100)</visible>
								</control>
								<control type="label">
									<left>0</left>
									<top>0</top>
									<width>240</width>
									<height>60</height>
									<align>center</align>
									<aligny>center</aligny>
									<font>ctouch19</font>
									<textcolor>ffffffff</textcolor>
									<shadowcolor>50000000</shadowcolor>
									<label>$INFO[ListItem.Label]</label>
								</control>
							</control>
						</focusedlayout>
						<content>
							<item>
								<property name="icon">disable</property>
								<label>$LOCALIZE[15067]</label>
								<onclick>Dialog.Close(all)</onclick>
							</item>
							<item>
								<visible>!String.IsEmpty(Container(10051).ListItem.Property(biography))</visible>
								<property name="icon">plot</property>
								<label>$LOCALIZE[21887]</label>
								<onclick>RunScript(script.embuary.info,call=textviewer,header='$ESCINFO[Container(10051).ListItem.Label]',message='$ESCINFO[Container(10051).ListItem.Property(biography)]')</onclick>
							</item>
						</content>
					</control>
				</control>

			</control>

			<!-- movies -->
			<control type="group">
				<visible>true</visible>
				<visible>Integer.IsGreater(Container(10052).NumItems,0) | Container(10052).IsUpdating</visible>
				<top>50</top>
				<height>715</height>
				<control type="group">
					<control type="label">
						<left>55</left>
						<top>40</top>
						<width>900</width>
						<height>90</height>
						<align>left</align>
						<label>[B]$LOCALIZE[342][/B]</label>
						<textcolor>ffffffff</textcolor>
						<shadowcolor>50000000</shadowcolor>
						<font>font13</font>
					</control>
					<control type="panel" id="10052">
						<movement>6</movement>
						<top>115</top>
						<width>100%</width>
						<ondown>10053</ondown>
						<onup>100</onup>
						<scrolltime tween="cubic" easing="out">500</scrolltime>
						<orientation>horizontal</orientation>
						<onleft>9000</onleft>
						<onright>noop</onright>
						<preloaditems>2</preloaditems>
						<itemlayout width="310" height="561">
							<control type="group">
								<left>68</left>
								<top>10</top>
								<control type="image">
									<left>15</left>
									<top>-10</top>
									<width>290</width>
									<height>500</height>
									<texture background="true">diffuse/bigposter_shadow.png</texture>
									<aspectratio scalediffuse="false">stretch</aspectratio>
								</control>
								<control type="image">
									<left>30</left>
									<top>5</top>
									<width>260</width>
									<height>400</height>
									<texture background="true" diffuse="diffuse/bigposter.png">$INFO[ListItem.Icon]</texture>
									<aspectratio>stretch</aspectratio>
								</control>
								<control type="group">
									<left>29</left>
									<top>300</top>
									<control type="label">
										<width>260</width>
										<label>$INFO[ListItem.Label]</label>
										<font>ctouch16</font>
										<shadowcolor>50000000</shadowcolor>
										<textoffsetx>10</textoffsetx>
										<scroll>false</scroll>
										<align>center</align>
									</control>
									<control type="label">
										<top>58</top>
										<width>260</width>
										<label>$INFO[ListItem.Year]</label>
										<font>ctouch19</font>
										<shadowcolor>50000000</shadowcolor>
										<textoffsetx>10</textoffsetx>
										<scroll>false</scroll>
										<align>center</align>
									</control>
								</control>
							</control>
						</itemlayout>
						<focusedlayout width="310" height="561">
							<control type="group">
								<left>68</left>
								<top>10</top>
								<animation type="Focus">
									<effect type="zoom" start="100" end="110" time="200" tween="sine" easing="inout" center="230,65" />
								</animation>
								<animation type="Unfocus">
									<effect type="zoom" start="110" end="100" time="200" tween="sine" easing="inout" center="230,65" />
								</animation>
								<control type="image">
									<left>15</left>
									<top>-10</top>
									<width>290</width>
									<height>500</height>
									<texture background="true">diffuse/bigposter_shadow.png</texture>
									<aspectratio scalediffuse="false">stretch</aspectratio>
								</control>
								<control type="image">
									<left>30</left>
									<top>5</top>
									<width>260</width>
									<height>400</height>
									<texture background="true" diffuse="diffuse/bigposter.png">$INFO[ListItem.Icon]</texture>
									<aspectratio>scale</aspectratio>
								</control>
								<control type="group">
									<left>29</left>
									<top>300</top>
									<control type="label">
										<width>260</width>
										<label>$INFO[ListItem.Label]</label>
										<font>ctouch18</font>
										<shadowcolor>50000000</shadowcolor>
										<textoffsetx>10</textoffsetx>
										<scroll>true</scroll>
										<align>center</align>
									</control>
									<control type="label">
										<top>58</top>
										<width>260</width>
										<label>$INFO[ListItem.Year]</label>
										<font>ctouch19</font>
										<shadowcolor>50000000</shadowcolor>
										<textoffsetx>10</textoffsetx>
										<scroll>true</scroll>
										<align>center</align>
									</control>
								</control>
							</control>
						</focusedlayout>
					</control>
				</control>
			</control>

			<!-- tv shows -->
			<control type="group">
				<visible>true</visible>
				<visible>Integer.IsGreater(Container(10053).NumItems,0) | Container(10053).IsUpdating</visible>
				<top>80</top>
				<height>715</height>
				<control type="group">
					<control type="label">
						<left>55</left>
						<top>40</top>
						<width>900</width>
						<height>90</height>
						<align>left</align>
						<label>[B]$LOCALIZE[20343][/B]</label>
						<textcolor>ffffffff</textcolor>
						<shadowcolor>50000000</shadowcolor>
						<font>font13</font>
					</control>
					<control type="panel" id="10053">
						<movement>6</movement>
						<top>115</top>
						<width>100%</width>
						<ondown>10054</ondown>
						<onup>10052</onup>
						<scrolltime tween="cubic" easing="out">500</scrolltime>
						<orientation>horizontal</orientation>
						<onleft>9000</onleft>
						<onright>noop</onright>
						<preloaditems>2</preloaditems>
						<itemlayout width="310" height="561">
							<control type="group">
								<left>68</left>
								<top>10</top>
								<control type="image">
									<left>15</left>
									<top>-10</top>
									<width>290</width>
									<height>500</height>
									<texture background="true">diffuse/bigposter_shadow.png</texture>
									<aspectratio scalediffuse="false">stretch</aspectratio>
								</control>
								<control type="image">
									<left>30</left>
									<top>5</top>
									<width>260</width>
									<height>400</height>
									<texture background="true" diffuse="diffuse/bigposter.png">$INFO[ListItem.Icon]</texture>
									<aspectratio>stretch</aspectratio>
								</control>
								<control type="group">
									<left>29</left>
									<top>300</top>
									<control type="label">
										<width>260</width>
										<label>$INFO[ListItem.Label]</label>
										<font>ctouch16</font>
										<shadowcolor>50000000</shadowcolor>
										<textoffsetx>10</textoffsetx>
										<scroll>false</scroll>
										<align>center</align>
									</control>
									<control type="label">
										<top>58</top>
										<width>260</width>
										<label>$INFO[ListItem.Year]</label>
										<font>ctouch19</font>
										<shadowcolor>50000000</shadowcolor>
										<textoffsetx>10</textoffsetx>
										<scroll>false</scroll>
										<align>center</align>
									</control>
								</control>
							</control>
						</itemlayout>
						<focusedlayout width="310" height="561">
							<control type="group">
								<left>68</left>
								<top>10</top>
								<animation type="Focus">
									<effect type="zoom" start="100" end="110" time="200" tween="sine" easing="inout" center="230,65" />
								</animation>
								<animation type="Unfocus">
									<effect type="zoom" start="110" end="100" time="200" tween="sine" easing="inout" center="230,65" />
								</animation>
								<control type="image">
									<left>15</left>
									<top>-10</top>
									<width>290</width>
									<height>500</height>
									<texture background="true">diffuse/bigposter_shadow.png</texture>
									<aspectratio scalediffuse="false">stretch</aspectratio>
								</control>
								<control type="image">
									<left>30</left>
									<top>5</top>
									<width>260</width>
									<height>400</height>
									<texture background="true" diffuse="diffuse/bigposter.png">$INFO[ListItem.Icon]</texture>
									<aspectratio>scale</aspectratio>
								</control>
								<control type="group">
									<left>29</left>
									<top>300</top>
									<control type="label">
										<width>260</width>
										<label>$INFO[ListItem.Label]</label>
										<font>ctouch18</font>
										<shadowcolor>50000000</shadowcolor>
										<textoffsetx>10</textoffsetx>
										<scroll>true</scroll>
										<align>center</align>
									</control>
									<control type="label">
										<top>58</top>
										<width>260</width>
										<label>$INFO[ListItem.Year]</label>
										<font>ctouch19</font>
										<shadowcolor>50000000</shadowcolor>
										<textoffsetx>10</textoffsetx>
										<scroll>true</scroll>
										<align>center</align>
									</control>
								</control>
							</control>
						</focusedlayout>
					</control>
				</control>
			</control>

			<!-- images -->
			<control type="group">
				<visible>true</visible>
				<visible>Integer.IsGreater(Container(10054).NumItems,0) | Container(10054).IsUpdating</visible>
				<top>80</top>
				<height>715</height>
				<control type="group">
					<control type="label">
						<left>55</left>
						<top>40</top>
						<width>900</width>
						<height>90</height>
						<align>left</align>
						<label>[B]$ADDON[script.embuary.info 32010][/B]</label>
						<textcolor>ffffffff</textcolor>
						<shadowcolor>50000000</shadowcolor>
						<font>font13</font>
					</control>
					<control type="panel" id="10054">
						<movement>6</movement>
						<top>115</top>
						<width>100%</width>
						<ondown>10055</ondown>
						<onup>10053</onup>
						<scrolltime tween="cubic" easing="out">500</scrolltime>
						<orientation>horizontal</orientation>
						<onleft>9000</onleft>
						<onright>noop</onright>
						<preloaditems>2</preloaditems>
						<itemlayout width="310" height="561">
							<control type="group">
								<left>68</left>
								<top>10</top>
								<control type="image">
									<left>15</left>
									<top>-10</top>
									<width>290</width>
									<height>500</height>
									<texture background="true">diffuse/bigposter_shadow.png</texture>
									<aspectratio scalediffuse="false">stretch</aspectratio>
								</control>
								<control type="image">
									<left>30</left>
									<top>5</top>
									<width>260</width>
									<height>400</height>
									<texture background="true" diffuse="diffuse/bigposter.png">$INFO[ListItem.Icon]</texture>
									<aspectratio>stretch</aspectratio>
								</control>
								<control type="group">
									<left>29</left>
									<top>300</top>
									<control type="label">
										<width>260</width>
										<label>$INFO[ListItem.Label]</label>
										<font>ctouch16</font>
										<shadowcolor>50000000</shadowcolor>
										<textoffsetx>10</textoffsetx>
										<scroll>false</scroll>
										<align>center</align>
									</control>
									<control type="label">
										<top>58</top>
										<width>260</width>
										<label>$INFO[ListItem.Year]</label>
										<font>ctouch19</font>
										<shadowcolor>50000000</shadowcolor>
										<textoffsetx>10</textoffsetx>
										<scroll>false</scroll>
										<align>center</align>
									</control>
								</control>
							</control>
						</itemlayout>
						<focusedlayout width="310" height="561">
							<control type="group">
								<left>68</left>
								<top>10</top>
								<animation type="Focus">
									<effect type="zoom" start="100" end="110" time="200" tween="sine" easing="inout" center="230,65" />
								</animation>
								<animation type="Unfocus">
									<effect type="zoom" start="110" end="100" time="200" tween="sine" easing="inout" center="230,65" />
								</animation>
								<control type="image">
									<left>15</left>
									<top>-10</top>
									<width>290</width>
									<height>500</height>
									<texture background="true">diffuse/bigposter_shadow.png</texture>
									<aspectratio scalediffuse="false">stretch</aspectratio>
								</control>
								<control type="image">
									<left>30</left>
									<top>5</top>
									<width>260</width>
									<height>400</height>
									<texture background="true" diffuse="diffuse/bigposter.png">$INFO[ListItem.Icon]</texture>
									<aspectratio>scale</aspectratio>
								</control>
								<control type="group">
									<left>29</left>
									<top>300</top>
									<control type="label">
										<width>260</width>
										<label>$INFO[ListItem.Label]</label>
										<font>ctouch18</font>
										<shadowcolor>50000000</shadowcolor>
										<textoffsetx>10</textoffsetx>
										<scroll>true</scroll>
										<align>center</align>
									</control>
									<control type="label">
										<top>58</top>
										<width>260</width>
										<label>$INFO[ListItem.Year]</label>
										<font>ctouch19</font>
										<shadowcolor>50000000</shadowcolor>
										<textoffsetx>10</textoffsetx>
										<scroll>true</scroll>
										<align>center</align>
									</control>
								</control>
							</control>
						</focusedlayout>
					</control>
				</control>
			</control>

		</control>

		<!-- title -->
		<control type="group">
			<control type="image">
				<left>0</left>
				<top>0</top>
				<width>110%</width>
				<height>170</height>
				<texture>frame/InfoBar.png</texture>
			</control>
			<control type="group">
				<left>80</left>
				<height>100</height>
				<animation effect="fade" start="0" end="100" time="300">WindowOpen</animation>
				<animation effect="fade" start="100" end="0" time="200" condition="String.IsEmpty(Window(home).Property(script.embuary.info-nextcall))">WindowClose</animation>
				<animation effect="fade" start="100" end="0" time="0" condition="!String.IsEmpty(Window(home).Property(script.embuary.info-nextcall))">WindowClose</animation>
				<control type="label">
					<left>0</left>
					<right>150</right>
					<width>1600</width>
					<label>$INFO[Container(10051).ListItem.Label]$INFO[Container(10051).ListItem.Year, ([COLOR FFA0A0A0],[/COLOR])]</label>
					<font>ctouch23w</font>
					<shadowcolor>50000000</shadowcolor>
					<height>100</height>
				</control>
			</control>
		</control>
	</controls>
</window>