<?xml version="1.0" encoding="utf-8"?>
<window>
	<defaultcontrol always="true">10</defaultcontrol>
	<onload>ReplaceWindow($INFO[System.StartupWindow])</onload>
	<onload condition="String.IsEqual(Skin.String(startup-screentype),$LOCALIZE[31858])">PlayMedia($ESCINFO[Skin.String(startup-screenpath)])</onload>
	<onload condition="Skin.HasSetting(startup-playlist)">PlayMedia($ESCINFO[Skin.String(startup-playlistpath)],isdir)</onload>	
	<include>defaultskinsettings</include>
	<animation effect="fade" time="400">WindowOpen</animation>
	<controls>
		<control type="image">
			<!-- Default startup screen image -->
			<include>fullscreenimage</include>
			<texture>background-iconhome.png</texture>
			<aspectratio>scale</aspectratio>
		</control>
		<control type="button" id="10">
			<!-- Play the startup video if required -->
			<left>-18</left>
			<top>-18</top>
			<width>1</width>
			<height>1</height>
			<onfocus>ReplaceWindow($INFO[System.StartupWindow])</onfocus>
			<onfocus condition="String.IsEqual(Skin.String(startup-screentype),$LOCALIZE[31858])">PlayMedia($ESCINFO[Skin.String(startup-screenpath)])</onfocus>
			<onfocus condition="Skin.HasSetting(startup-playlist)">PlayMedia($ESCINFO[Skin.String(startup-playlistpath)],isdir)</onfocus>
			<animation effect="fade" delay="1000" end="100">Focus</animation>
		</control>
		<control type="group">
			<visible>!String.IsEqual(Skin.String(startup-screentype),$LOCALIZE[31858])</visible>
			<animation effect="fade" end="0" delay="2100" time="400">WindowClose</animation>
			<control type="image">
				<!-- Skin logo -->
				<left>832</left>
				<top>412</top>
				<width>256</width>
				<height>256</height>
				<aspectratio>keep</aspectratio>
				<texture>skin-logo-big.png</texture>
				<align>center</align>
				<aligny>center</aligny>
				<visible>String.IsEmpty(Skin.String(startup-screentype)) | String.IsEqual(Skin.String(startup-screentype),$LOCALIZE[31856])</visible>
			</control>
			<control type="image">
				<!-- Custom Startup Screen Image -->
				<include>fullscreenimage</include>
				<texture>$INFO[Skin.String(startup-screenpath)]</texture>
				<aspectratio>stretch</aspectratio>
				<visible>String.IsEqual(Skin.String(startup-screentype),$LOCALIZE[31857])</visible>
			</control>
		</control>
	</controls>
</window>