<?xml version="1.0" encoding="UTF-8" standalone="yes"?>
<addon id="repository.palantir2" name="[COLOR gold]Repositorio Palantir 2[/COLOR]" version="2.0.2" provider-name="TierraMedia">
    <extension point="xbmc.addon.repository" name="Palantir 2 official Repo">
    	<dir minversion="18.9.0">
    	    <info compressed="false">https://raw.githubusercontent.com/Palantiraddon/Repo/master/Palantir/addons.xml</info>
		    <checksum>https://raw.githubusercontent.com/Palantiraddon/Repo/master/Palantir/addons.xml.md5</checksum>
		    <datadir zip="true">https://raw.githubusercontent.com/Palantiraddon/repo/master/Palantir/</datadir>
	    </dir>
	</extension>
	<extension point="xbmc.addon.metadata">
		<summary></summary>
   		<description lang="en">[COLOR gold]Instala Palantir 2[/COLOR]</description>
		<platform>all</platform>
		<assets>
            <icon>icon.png</icon>
            <fanart>fanart.gif</fanart>
        </assets>
	</extension>
</addon>