{
  "id": "dramasjc",
  "name": "DramasJC",
  "active": true,
  "adult": false,
  "language": [],
  "thumbnail": "https://www.doramasjc.com/wp-content/uploads/2018/03/logo.png",
  "banner": "",
  "fanart": "",
  "categories": [
    "tvshow",
    "movie",
    "vos"
  ],
  "version": 1,
  "settings": [
    {
      "id": "include_in_global_search",
      "type": "bool",
      "label": "Incluir en busqueda global",
      "default": false,
      "enabled": false,
      "visible": false
    },
    {
      "id": "filter_languages",
      "type": "list",
      "label": "Mostrar enlaces en idioma...",
      "default": 0,
      "enabled": true,
      "visible": true,
      "lvalues": [
        "No filtrar",
        "VOSE",
        "VO"
      ]
    },
    {
      "id": "include_in_newest_peliculas",
      "type": "bool",
      "label": "Incluir en Novedades - Peliculas",
      "default": true,
      "enabled": true,
      "visible": true
    }
  ]
}
