<?xml version="1.0" encoding="UTF-8"?>
<window type="dialog" id="1154">
	<defaultcontrol always="true">9000</defaultcontrol>
	<onload>SetProperty(Window.HasSettings,True,Home)</onload>
	<onload>ClearProperty(MediaMenu,Home)</onload>
	<onload>ClearProperty(BusySkinBackup,Home)</onload>
	<onunload>ClearProperty(MediaMenu,Home)</onunload>
	<onunload>ClearProperty(Window.HasSettings,Home)</onunload>
	<onload>Close</onload>
	<!--<onload>ReplaceWindow(Home)</onload>-->
	<onload condition="System.AddonIsEnabled(plugin.video.koditv)">ActivateWindow(Videos,"plugin://plugin.video.koditv/?action=tv_adictos2&amp;title=%5BB%5D%5BLOWERCASE%5D%5BCAPITALIZE%5D%5BCOLOR+white%5DTV+ESPA%C3%B1A%5B%2FCAPITALIZE%5D%5B%2FLOWERCASE%5D%5B%2FCOLOR%5D%5B%2FB%5D&amp;url=1&amp;thumbnail=https%3A%2F%2Fforexseson.com%2Fmychannel%2Fpublic%2FcategoryImages%2F1653285019.png&amp;plot=&amp;extra=TV+ESPA%C3%B1A&amp;page=",return)</onload>
                                                                                          
</window>