<?xml version="1.0" encoding="UTF-8" standalone="yes"?>
<addon id="plugin.program.RikTeam" name="[COLOR azure][B]RikTeam[/B][/COLOR] [COLOR lime][B]MATRIX[COLOR white]|[COLOR violet]NEXUS[/B][/COLOR]" version="3.3" provider-name="Rik Team">
	<requires>
		<import addon="xbmc.python" version="3.0.0"/>
		<import addon="script.module.requests"/>
		<import addon="script.module.six"/>
		<import addon="script.kodi.android.update" optional="true" version="1.1.7"/>
	</requires>
	
	<extension point="xbmc.python.pluginsource" debugging="true" library="default.py">
		<provides>executable</provides>
	</extension>
   <extension point="xbmc.addon.repository" name="fontsVR">		
		<info>https://raw.githubusercontent.com/fontsvr/repo-fontsVR/main/addons/zips/addons.xml</info>
        <checksum>https://raw.githubusercontent.com/fontsvr/repo-fontsVR/main/addons/zips/addons.xml.md5</checksum>
        <datadir zip="true">https://raw.githubusercontent.com/fontsvr/repo-fontsVR/repository.fontsvr</datadir>
    </extension>
	<extension point="xbmc.service" library="startup.py" start="startup"/>
  
	<extension point="xbmc.addon.metadata">
		<summary lang="es">[COLOR azure]RikTeam[/COLOR] [COLOR lime]MATRIX[COLOR white]|[COLOR violet]NEXUS[/B][/COLOR] tu Wizard para KODI 19.x y 20.x</summary>
		<description>
[B]• Developers:[/B] [COLOR gold]Rik Team[/COLOR]
        </description>
		<platform>all</platform>
		<reuselanguageinvoker>false</reuselanguageinvoker>
		<source>https://github.com/fontsvr/fontsvr.github.io</source>
		<news>
• plugin.program [COLOR azure][B]RikTeam[/B][/COLOR] [COLOR lime][B]MATRIX[/COLOR][COLOR white]|[/COLOR][COLOR violet]NEXUS[/B][/COLOR]
		</news>
		<assets>
			<icon>icon.png</icon>
			<fanart>fanart.jpg</fanart>
		</assets>
	</extension>
</addon>